hr,holiday,workingday,temp,hum,windspeed,cnt,instant,mnth,yr,Clear to partly cloudy,Light Precipitation,Misty
0,0,0,0.76,0.66,0.0,149,13004,7,1,1,0,0
1,0,0,0.74,0.7,0.1343,93,13005,7,1,1,0,0
2,0,0,0.72,0.74,0.0896,90,13006,7,1,1,0,0
3,0,0,0.72,0.84,0.1343,33,13007,7,1,1,0,0
4,0,0,0.7,0.79,0.19399999999999998,4,13008,7,1,1,0,0
5,0,0,0.68,0.79,0.1045,10,13009,7,1,1,0,0
6,0,0,0.7,0.79,0.0896,27,13010,7,1,1,0,0
7,0,0,0.74,0.7,0.0,50,13011,7,1,1,0,0
8,0,0,0.78,0.62,0.1045,142,13012,7,1,1,0,0
9,0,0,0.82,0.56,0.0,219,13013,7,1,1,0,0
10,0,0,0.86,0.44,0.2985,366,13014,7,1,1,0,0
11,0,0,0.88,0.39,0.2239,377,13015,7,1,1,0,0
12,0,0,0.9,0.37,0.2239,433,13016,7,1,1,0,0
13,0,0,0.92,0.33,0.2537,420,13017,7,1,1,0,0
14,0,0,0.92,0.33,0.2537,444,13018,7,1,1,0,0
15,0,0,0.9,0.37,0.2836,345,13019,7,1,1,0,0
16,0,0,0.92,0.33,0.2985,313,13020,7,1,1,0,0
17,0,0,0.92,0.26,0.2985,413,13021,7,1,1,0,0
18,0,0,0.88,0.32,0.3582,370,13022,7,1,1,0,0
19,0,0,0.84,0.39,0.1343,382,13023,7,1,1,0,0
20,0,0,0.84,0.39,0.1343,332,13024,7,1,1,0,0
21,0,0,0.84,0.39,0.1343,258,13025,7,1,1,0,0
22,0,0,0.82,0.43,0.1343,151,13026,7,1,1,0,0
23,0,0,0.78,0.52,0.1642,110,13027,7,1,0,1,0
0,0,1,0.76,0.58,0.2239,43,13028,7,1,0,0,1
1,0,1,0.76,0.58,0.19399999999999998,17,13029,7,1,0,0,1
2,0,1,0.74,0.51,0.2537,15,13030,7,1,0,0,1
3,0,1,0.72,0.54,0.4179,5,13031,7,1,0,0,1
4,0,1,0.72,0.54,0.2985,12,13032,7,1,0,0,1
5,0,1,0.72,0.51,0.0,40,13033,7,1,0,0,1
6,0,1,0.7,0.58,0.1045,136,13034,7,1,1,0,0
7,0,1,0.74,0.51,0.1045,398,13035,7,1,1,0,0
8,0,1,0.76,0.52,0.19399999999999998,568,13036,7,1,1,0,0
9,0,1,0.78,0.46,0.2537,295,13037,7,1,1,0,0
10,0,1,0.8,0.43,0.2537,174,13038,7,1,1,0,0
11,0,1,0.84,0.28,0.2985,201,13039,7,1,1,0,0
12,0,1,0.84,0.32,0.19399999999999998,257,13040,7,1,1,0,0
13,0,1,0.86,0.34,0.2239,236,13041,7,1,1,0,0
14,0,1,0.86,0.34,0.2239,230,13042,7,1,1,0,0
15,0,1,0.84,0.36,0.19399999999999998,234,13043,7,1,1,0,0
16,0,1,0.84,0.36,0.2836,365,13044,7,1,1,0,0
17,0,1,0.84,0.32,0.1343,747,13045,7,1,1,0,0
18,0,1,0.84,0.32,0.1642,730,13046,7,1,1,0,0
19,0,1,0.78,0.43,0.1343,581,13047,7,1,1,0,0
20,0,1,0.78,0.43,0.1343,395,13048,7,1,1,0,0
21,0,1,0.76,0.45,0.1343,258,13049,7,1,1,0,0
22,0,1,0.74,0.51,0.1642,188,13050,7,1,1,0,0
23,0,1,0.74,0.51,0.1045,102,13051,7,1,1,0,0
0,0,1,0.72,0.54,0.0,53,13052,7,1,1,0,0
1,0,1,0.72,0.58,0.0,14,13053,7,1,1,0,0
2,0,1,0.72,0.58,0.0,10,13054,7,1,1,0,0
3,0,1,0.7,0.65,0.1343,2,13055,7,1,1,0,0
4,0,1,0.68,0.65,0.1045,6,13056,7,1,1,0,0
5,0,1,0.7,0.61,0.0,35,13057,7,1,1,0,0
6,0,1,0.7,0.65,0.1343,154,13058,7,1,1,0,0
7,0,1,0.74,0.58,0.0,483,13059,7,1,1,0,0
8,0,1,0.74,0.62,0.0896,646,13060,7,1,1,0,0
9,0,1,0.8,0.49,0.1642,272,13061,7,1,1,0,0
10,0,1,0.82,0.43,0.2239,209,13062,7,1,1,0,0
11,0,1,0.86,0.34,0.19399999999999998,217,13063,7,1,1,0,0
12,0,1,0.88,0.28,0.19399999999999998,272,13064,7,1,1,0,0
13,0,1,0.9,0.25,0.1343,283,13065,7,1,1,0,0
14,0,1,0.9,0.25,0.19399999999999998,310,13066,7,1,1,0,0
15,0,1,0.9,0.24,0.0,401,13067,7,1,0,0,1
16,0,1,0.9,0.24,0.19399999999999998,527,13068,7,1,0,0,1
17,0,1,0.86,0.3,0.1642,722,13069,7,1,0,0,1
18,0,1,0.86,0.3,0.0,627,13070,7,1,0,0,1
19,0,1,0.84,0.36,0.1343,497,13071,7,1,0,0,1
20,0,1,0.76,0.55,0.4925,376,13072,7,1,0,1,0
21,0,1,0.7,0.7,0.2836,196,13073,7,1,0,0,1
22,0,1,0.68,0.79,0.19399999999999998,177,13074,7,1,1,0,0
23,0,1,0.66,0.83,0.0,171,13075,7,1,1,0,0
0,1,0,0.68,0.79,0.0896,159,13076,7,1,1,0,0
1,1,0,0.68,0.74,0.0,123,13077,7,1,1,0,0
2,1,0,0.66,0.83,0.1343,93,13078,7,1,1,0,0
3,1,0,0.68,0.74,0.19399999999999998,32,13079,7,1,1,0,0
4,1,0,0.68,0.69,0.2537,16,13080,7,1,1,0,0
5,1,0,0.66,0.69,0.0,19,13081,7,1,1,0,0
6,1,0,0.66,0.69,0.0,32,13082,7,1,1,0,0
7,1,0,0.68,0.65,0.0,72,13083,7,1,1,0,0
8,1,0,0.7,0.61,0.1045,153,13084,7,1,1,0,0
9,1,0,0.76,0.52,0.0,293,13085,7,1,1,0,0
10,1,0,0.8,0.46,0.0,447,13086,7,1,1,0,0
11,1,0,0.82,0.46,0.1343,485,13087,7,1,1,0,0
12,1,0,0.86,0.41,0.2239,494,13088,7,1,1,0,0
13,1,0,0.9,0.35,0.0,499,13089,7,1,1,0,0
14,1,0,0.9,0.37,0.1642,547,13090,7,1,1,0,0
15,1,0,0.92,0.35,0.2985,454,13091,7,1,1,0,0
16,1,0,0.92,0.35,0.2537,389,13092,7,1,1,0,0
17,1,0,0.92,0.35,0.2985,414,13093,7,1,1,0,0
18,1,0,0.9,0.42,0.19399999999999998,430,13094,7,1,1,0,0
19,1,0,0.86,0.47,0.2239,432,13095,7,1,1,0,0
20,1,0,0.86,0.47,0.2239,551,13096,7,1,1,0,0
21,1,0,0.84,0.53,0.1343,584,13097,7,1,1,0,0
22,1,0,0.82,0.56,0.2239,502,13098,7,1,1,0,0
23,1,0,0.78,0.43,0.0896,183,13099,7,1,0,0,1
0,0,1,0.74,0.51,0.1045,88,13100,7,1,1,0,0
1,0,1,0.74,0.51,0.2836,30,13101,7,1,1,0,0
2,0,1,0.74,0.51,0.0,18,13102,7,1,1,0,0
3,0,1,0.72,0.54,0.19399999999999998,7,13103,7,1,1,0,0
4,0,1,0.72,0.58,0.0,7,13104,7,1,1,0,0
5,0,1,0.72,0.62,0.0,29,13105,7,1,1,0,0
6,0,1,0.72,0.58,0.0,133,13106,7,1,1,0,0
7,0,1,0.76,0.55,0.0,343,13107,7,1,1,0,0
8,0,1,0.8,0.49,0.1343,550,13108,7,1,1,0,0
9,0,1,0.84,0.49,0.2985,293,13109,7,1,1,0,0
10,0,1,0.86,0.44,0.3582,186,13110,7,1,1,0,0
11,0,1,0.9,0.35,0.2985,244,13111,7,1,1,0,0
12,0,1,0.9,0.35,0.3582,276,13112,7,1,1,0,0
13,0,1,0.92,0.33,0.2239,310,13113,7,1,1,0,0
14,0,1,0.92,0.33,0.3284,241,13114,7,1,1,0,0
15,0,1,0.92,0.33,0.3582,254,13115,7,1,1,0,0
16,0,1,0.92,0.33,0.2537,433,13116,7,1,1,0,0
17,0,1,0.92,0.35,0.1642,689,13117,7,1,1,0,0
18,0,1,0.9,0.39,0.3284,607,13118,7,1,0,0,1
19,0,1,0.88,0.39,0.2537,503,13119,7,1,0,0,1
20,0,1,0.86,0.41,0.2239,321,13120,7,1,0,0,1
21,0,1,0.84,0.47,0.19399999999999998,323,13121,7,1,1,0,0
22,0,1,0.82,0.59,0.1343,225,13122,7,1,1,0,0
23,0,1,0.8,0.55,0.1642,131,13123,7,1,1,0,0
0,0,1,0.78,0.62,0.1343,102,13124,7,1,1,0,0
1,0,1,0.78,0.55,0.2239,29,13125,7,1,1,0,0
2,0,1,0.76,0.62,0.1343,17,13126,7,1,1,0,0
3,0,1,0.74,0.7,0.19399999999999998,7,13127,7,1,0,0,1
4,0,1,0.74,0.66,0.2239,6,13128,7,1,1,0,0
5,0,1,0.74,0.66,0.19399999999999998,35,13129,7,1,1,0,0
6,0,1,0.74,0.66,0.19399999999999998,131,13130,7,1,1,0,0
7,0,1,0.78,0.46,0.1343,353,13131,7,1,1,0,0
8,0,1,0.8,0.41,0.1642,585,13132,7,1,1,0,0
9,0,1,0.82,0.36,0.1343,304,13133,7,1,1,0,0
10,0,1,0.86,0.3,0.0,210,13134,7,1,1,0,0
11,0,1,0.84,0.32,0.0896,233,13135,7,1,1,0,0
12,0,1,0.88,0.28,0.1045,331,13136,7,1,1,0,0
13,0,1,0.9,0.27,0.1045,293,13137,7,1,1,0,0
14,0,1,0.9,0.31,0.1642,275,13138,7,1,1,0,0
15,0,1,0.92,0.29,0.19399999999999998,285,13139,7,1,1,0,0
16,0,1,0.92,0.29,0.1045,369,13140,7,1,1,0,0
17,0,1,0.92,0.29,0.0,576,13141,7,1,1,0,0
18,0,1,0.9,0.33,0.2537,560,13142,7,1,1,0,0
19,0,1,0.88,0.35,0.2239,418,13143,7,1,1,0,0
20,0,1,0.86,0.39,0.1045,336,13144,7,1,1,0,0
21,0,1,0.82,0.52,0.1343,300,13145,7,1,1,0,0
22,0,1,0.8,0.55,0.19399999999999998,288,13146,7,1,1,0,0
23,0,1,0.8,0.63,0.1045,164,13147,7,1,1,0,0
0,0,0,0.78,0.66,0.1343,150,13148,7,1,1,0,0
1,0,0,0.76,0.7,0.1642,71,13149,7,1,1,0,0
2,0,0,0.76,0.72,0.1642,58,13150,7,1,1,0,0
3,0,0,0.74,0.74,0.1343,31,13151,7,1,1,0,0
4,0,0,0.74,0.74,0.1642,16,13152,7,1,1,0,0
5,0,0,0.74,0.74,0.19399999999999998,14,13153,7,1,1,0,0
6,0,0,0.74,0.74,0.1045,31,13154,7,1,1,0,0
7,0,0,0.78,0.66,0.1045,71,13155,7,1,1,0,0
8,0,0,0.82,0.63,0.19399999999999998,152,13156,7,1,1,0,0
9,0,0,0.84,0.59,0.1642,256,13157,7,1,1,0,0
10,0,0,0.92,0.37,0.2239,325,13158,7,1,1,0,0
11,0,0,0.94,0.38,0.19399999999999998,367,13159,7,1,1,0,0
12,0,0,0.96,0.31,0.3582,342,13160,7,1,1,0,0
13,0,0,0.96,0.31,0.2537,360,13161,7,1,0,0,1
14,0,0,0.96,0.3,0.1343,308,13162,7,1,0,0,1
15,0,0,0.96,0.26,0.0,306,13163,7,1,1,0,0
16,0,0,1.0,0.19,0.1642,294,13164,7,1,1,0,0
17,0,0,0.96,0.26,0.1343,279,13165,7,1,1,0,0
18,0,0,0.94,0.29,0.0896,277,13166,7,1,1,0,0
19,0,0,0.92,0.33,0.1343,287,13167,7,1,1,0,0
20,0,0,0.9,0.37,0.1642,276,13168,7,1,1,0,0
21,0,0,0.88,0.37,0.19399999999999998,201,13169,7,1,1,0,0
22,0,0,0.84,0.59,0.19399999999999998,220,13170,7,1,1,0,0
23,0,0,0.84,0.56,0.1642,148,13171,7,1,1,0,0
0,0,0,0.82,0.56,0.1343,147,13172,7,1,1,0,0
1,0,0,0.82,0.56,0.1045,124,13173,7,1,1,0,0
2,0,0,0.82,0.52,0.1045,70,13174,7,1,1,0,0
3,0,0,0.8,0.59,0.1045,35,13175,7,1,1,0,0
4,0,0,0.78,0.66,0.1045,13,13176,7,1,1,0,0
5,0,0,0.78,0.62,0.0,6,13177,7,1,1,0,0
6,0,0,0.78,0.7,0.1343,21,13178,7,1,1,0,0
7,0,0,0.8,0.66,0.0,52,13179,7,1,1,0,0
8,0,0,0.84,0.53,0.1343,130,13180,7,1,1,0,0
9,0,0,0.86,0.5,0.1045,242,13181,7,1,1,0,0
10,0,0,0.9,0.45,0.0,319,13182,7,1,1,0,0
11,0,0,0.92,0.42,0.2985,389,13183,7,1,1,0,0
12,0,0,0.92,0.42,0.19399999999999998,376,13184,7,1,1,0,0
13,0,0,0.94,0.38,0.2537,337,13185,7,1,1,0,0
14,0,0,0.96,0.36,0.1642,312,13186,7,1,1,0,0
15,0,0,0.92,0.42,0.2836,298,13187,7,1,0,1,0
16,0,0,0.8,0.66,0.2239,291,13188,7,1,0,0,1
17,0,0,0.78,0.59,0.0,270,13189,7,1,1,0,0
18,0,0,0.78,0.62,0.1045,253,13190,7,1,1,0,0
19,0,0,0.78,0.62,0.1642,250,13191,7,1,1,0,0
20,0,0,0.76,0.7,0.0896,285,13192,7,1,1,0,0
21,0,0,0.76,0.7,0.1343,207,13193,7,1,1,0,0
22,0,0,0.74,0.7,0.0896,122,13194,7,1,0,1,0
23,0,0,0.68,0.83,0.0896,123,13195,7,1,0,1,0
0,0,1,0.68,0.89,0.0896,39,13196,7,1,0,0,1
1,0,1,0.7,0.89,0.1045,18,13197,7,1,0,1,0
2,0,1,0.7,0.89,0.19399999999999998,5,13198,7,1,0,1,0
3,0,1,0.7,0.89,0.19399999999999998,5,13199,7,1,0,1,0
4,0,1,0.66,0.89,0.3881,2,13200,7,1,0,1,0
5,0,1,0.66,0.83,0.2239,28,13201,7,1,0,0,1
6,0,1,0.64,0.89,0.2537,92,13202,7,1,0,1,0
7,0,1,0.66,0.83,0.2239,230,13203,7,1,0,1,0
8,0,1,0.66,0.83,0.1642,455,13204,7,1,0,0,1
9,0,1,0.66,0.83,0.1642,363,13205,7,1,0,0,1
10,0,1,0.66,0.83,0.19399999999999998,175,13206,7,1,0,0,1
11,0,1,0.72,0.62,0.1343,216,13207,7,1,0,0,1
12,0,1,0.74,0.58,0.1343,266,13208,7,1,0,0,1
13,0,1,0.76,0.55,0.2537,255,13209,7,1,0,0,1
14,0,1,0.74,0.55,0.2537,242,13210,7,1,0,0,1
15,0,1,0.76,0.45,0.2239,280,13211,7,1,0,0,1
16,0,1,0.78,0.4,0.2836,413,13212,7,1,1,0,0
17,0,1,0.78,0.4,0.1642,849,13213,7,1,1,0,0
18,0,1,0.76,0.48,0.1343,872,13214,7,1,1,0,0
19,0,1,0.74,0.55,0.1642,631,13215,7,1,1,0,0
20,0,1,0.74,0.55,0.1045,447,13216,7,1,0,0,1
21,0,1,0.74,0.55,0.0896,331,13217,7,1,0,0,1
22,0,1,0.72,0.58,0.1045,224,13218,7,1,0,0,1
23,0,1,0.7,0.65,0.1045,131,13219,7,1,0,0,1
0,0,1,0.7,0.7,0.0896,69,13220,7,1,1,0,0
1,0,1,0.7,0.74,0.1343,15,13221,7,1,1,0,0
2,0,1,0.7,0.74,0.1343,16,13222,7,1,1,0,0
3,0,1,0.68,0.79,0.0,3,13223,7,1,1,0,0
4,0,1,0.68,0.79,0.1343,4,13224,7,1,1,0,0
5,0,1,0.66,0.83,0.1343,42,13225,7,1,1,0,0
6,0,1,0.68,0.79,0.1045,187,13226,7,1,0,0,1
7,0,1,0.7,0.74,0.1045,520,13227,7,1,0,0,1
8,0,1,0.72,0.74,0.1343,649,13228,7,1,1,0,0
9,0,1,0.74,0.66,0.1343,331,13229,7,1,1,0,0
10,0,1,0.76,0.62,0.19399999999999998,190,13230,7,1,1,0,0
11,0,1,0.8,0.46,0.19399999999999998,249,13231,7,1,1,0,0
12,0,1,0.8,0.41,0.1343,272,13232,7,1,1,0,0
13,0,1,0.82,0.38,0.19399999999999998,280,13233,7,1,1,0,0
14,0,1,0.82,0.38,0.1642,242,13234,7,1,1,0,0
15,0,1,0.8,0.41,0.2239,265,13235,7,1,1,0,0
16,0,1,0.8,0.43,0.2239,435,13236,7,1,1,0,0
17,0,1,0.78,0.49,0.19399999999999998,872,13237,7,1,1,0,0
18,0,1,0.7,0.74,0.2239,819,13238,7,1,0,1,0
19,0,1,0.7,0.74,0.2239,414,13239,7,1,0,1,0
20,0,1,0.64,0.83,0.2239,84,13240,7,1,0,1,0
21,0,1,0.64,0.89,0.1045,90,13241,7,1,0,1,0
22,0,1,0.64,0.83,0.1343,139,13242,7,1,0,0,1
23,0,1,0.64,0.89,0.1045,103,13243,7,1,0,0,1
0,0,1,0.66,0.83,0.1343,44,13244,7,1,0,0,1
1,0,1,0.64,0.89,0.0,14,13245,7,1,1,0,0
2,0,1,0.64,0.89,0.0,5,13246,7,1,1,0,0
3,0,1,0.64,0.89,0.1343,5,13247,7,1,1,0,0
4,0,1,0.64,0.89,0.1343,7,13248,7,1,1,0,0
5,0,1,0.64,0.89,0.0,41,13249,7,1,1,0,0
6,0,1,0.64,0.89,0.1343,185,13250,7,1,1,0,0
7,0,1,0.66,0.83,0.1045,497,13251,7,1,0,0,1
8,0,1,0.68,0.79,0.1642,674,13252,7,1,0,0,1
9,0,1,0.7,0.74,0.1343,328,13253,7,1,0,0,1
10,0,1,0.72,0.62,0.1343,195,13254,7,1,0,0,1
11,0,1,0.76,0.58,0.1343,229,13255,7,1,0,0,1
12,0,1,0.78,0.43,0.0,292,13256,7,1,0,0,1
13,0,1,0.8,0.42,0.1642,273,13257,7,1,0,0,1
14,0,1,0.8,0.41,0.2239,241,13258,7,1,1,0,0
15,0,1,0.8,0.41,0.2537,276,13259,7,1,1,0,0
16,0,1,0.8,0.38,0.19399999999999998,411,13260,7,1,1,0,0
17,0,1,0.8,0.31,0.2239,830,13261,7,1,1,0,0
18,0,1,0.78,0.38,0.2537,814,13262,7,1,1,0,0
19,0,1,0.74,0.48,0.2239,633,13263,7,1,1,0,0
20,0,1,0.74,0.51,0.1642,483,13264,7,1,1,0,0
21,0,1,0.72,0.58,0.2239,391,13265,7,1,1,0,0
22,0,1,0.72,0.58,0.2537,244,13266,7,1,1,0,0
23,0,1,0.7,0.58,0.2537,152,13267,7,1,0,0,1
0,0,1,0.68,0.61,0.0,56,13268,7,1,0,0,1
1,0,1,0.66,0.61,0.0,21,13269,7,1,0,0,1
2,0,1,0.66,0.65,0.0896,9,13270,7,1,0,0,1
3,0,1,0.64,0.69,0.1045,10,13271,7,1,1,0,0
4,0,1,0.64,0.73,0.1045,5,13272,7,1,1,0,0
5,0,1,0.62,0.73,0.1045,44,13273,7,1,1,0,0
6,0,1,0.64,0.73,0.0896,178,13274,7,1,1,0,0
7,0,1,0.64,0.73,0.1343,512,13275,7,1,1,0,0
8,0,1,0.68,0.65,0.1343,702,13276,7,1,1,0,0
9,0,1,0.72,0.58,0.1045,327,13277,7,1,1,0,0
10,0,1,0.74,0.48,0.1642,214,13278,7,1,1,0,0
11,0,1,0.76,0.45,0.1045,215,13279,7,1,1,0,0
12,0,1,0.78,0.35,0.1343,292,13280,7,1,1,0,0
13,0,1,0.8,0.33,0.2239,277,13281,7,1,1,0,0
14,0,1,0.78,0.33,0.2239,209,13282,7,1,1,0,0
15,0,1,0.8,0.36,0.19399999999999998,271,13283,7,1,1,0,0
16,0,1,0.8,0.36,0.19399999999999998,439,13284,7,1,1,0,0
17,0,1,0.76,0.43,0.2239,795,13285,7,1,1,0,0
18,0,1,0.76,0.45,0.1343,825,13286,7,1,1,0,0
19,0,1,0.74,0.48,0.2239,629,13287,7,1,1,0,0
20,0,1,0.74,0.48,0.2239,514,13288,7,1,1,0,0
21,0,1,0.72,0.48,0.2239,373,13289,7,1,1,0,0
22,0,1,0.72,0.51,0.1642,318,13290,7,1,1,0,0
23,0,1,0.7,0.51,0.2239,211,13291,7,1,0,0,1
0,0,1,0.7,0.54,0.1642,95,13292,7,1,0,0,1
1,0,1,0.68,0.54,0.1045,59,13293,7,1,0,0,1
2,0,1,0.66,0.61,0.0896,17,13294,7,1,0,0,1
3,0,1,0.68,0.61,0.0,9,13295,7,1,0,0,1
4,0,1,0.66,0.61,0.0,11,13296,7,1,0,0,1
5,0,1,0.66,0.56,0.0896,34,13297,7,1,0,0,1
6,0,1,0.7,0.54,0.0,127,13298,7,1,0,0,1
7,0,1,0.7,0.54,0.0,380,13299,7,1,0,0,1
8,0,1,0.7,0.54,0.0,713,13300,7,1,0,0,1
9,0,1,0.72,0.51,0.0,414,13301,7,1,0,0,1
10,0,1,0.74,0.48,0.0,268,13302,7,1,0,0,1
11,0,1,0.76,0.45,0.1343,288,13303,7,1,0,0,1
12,0,1,0.76,0.4,0.1045,379,13304,7,1,0,0,1
13,0,1,0.8,0.38,0.1343,374,13305,7,1,0,0,1
14,0,1,0.8,0.38,0.0,369,13306,7,1,0,0,1
15,0,1,0.8,0.36,0.1045,353,13307,7,1,0,0,1
16,0,1,0.8,0.36,0.2239,492,13308,7,1,0,0,1
17,0,1,0.8,0.36,0.1642,835,13309,7,1,0,0,1
18,0,1,0.78,0.46,0.19399999999999998,631,13310,7,1,1,0,0
19,0,1,0.74,0.51,0.1642,488,13311,7,1,1,0,0
20,0,1,0.74,0.48,0.1343,389,13312,7,1,1,0,0
21,0,1,0.72,0.54,0.0,299,13313,7,1,1,0,0
22,0,1,0.74,0.45,0.0,263,13314,7,1,1,0,0
23,0,1,0.72,0.45,0.1343,212,13315,7,1,0,0,1
0,0,0,0.72,0.48,0.0896,191,13316,7,1,0,0,1
1,0,0,0.7,0.51,0.1045,118,13317,7,1,0,0,1
2,0,0,0.7,0.54,0.1045,101,13318,7,1,0,0,1
3,0,0,0.7,0.54,0.1045,40,13319,7,1,0,0,1
4,0,0,0.66,0.61,0.1045,9,13320,7,1,0,1,0
5,0,0,0.64,0.73,0.1045,5,13321,7,1,0,0,1
6,0,0,0.64,0.78,0.0896,35,13322,7,1,0,0,1
7,0,0,0.64,0.78,0.2836,48,13323,7,1,1,0,0
8,0,0,0.62,0.78,0.2836,151,13324,7,1,1,0,0
9,0,0,0.66,0.74,0.19399999999999998,282,13325,7,1,1,0,0
10,0,0,0.72,0.7,0.0896,401,13326,7,1,0,0,1
11,0,0,0.72,0.7,0.1045,439,13327,7,1,0,0,1
12,0,0,0.74,0.66,0.0896,499,13328,7,1,0,0,1
13,0,0,0.76,0.62,0.0896,591,13329,7,1,0,0,1
14,0,0,0.8,0.55,0.1045,632,13330,7,1,1,0,0
15,0,0,0.8,0.55,0.1642,560,13331,7,1,1,0,0
16,0,0,0.72,0.79,0.3582,566,13332,7,1,0,0,1
17,0,0,0.7,0.79,0.1642,458,13333,7,1,0,1,0
18,0,0,0.72,0.79,0.1343,351,13334,7,1,1,0,0
19,0,0,0.72,0.84,0.0896,431,13335,7,1,1,0,0
20,0,0,0.72,0.84,0.0896,356,13336,7,1,1,0,0
21,0,0,0.7,0.84,0.2239,269,13337,7,1,1,0,0
22,0,0,0.7,0.79,0.19399999999999998,225,13338,7,1,1,0,0
23,0,0,0.68,0.83,0.0896,211,13339,7,1,0,0,1
0,0,0,0.68,0.89,0.1642,187,13340,7,1,1,0,0
1,0,0,0.68,0.89,0.1343,168,13341,7,1,0,0,1
2,0,0,0.68,0.89,0.1642,115,13342,7,1,0,0,1
3,0,0,0.68,0.89,0.1642,57,13343,7,1,0,0,1
4,0,0,0.68,0.89,0.1045,19,13344,7,1,0,0,1
5,0,0,0.68,0.89,0.1343,9,13345,7,1,1,0,0
6,0,0,0.68,0.83,0.1343,15,13346,7,1,1,0,0
7,0,0,0.7,0.79,0.0896,47,13347,7,1,1,0,0
8,0,0,0.7,0.84,0.1343,133,13348,7,1,0,0,1
9,0,0,0.72,0.79,0.0,221,13349,7,1,0,0,1
10,0,0,0.76,0.66,0.1343,382,13350,7,1,1,0,0
11,0,0,0.82,0.52,0.1642,451,13351,7,1,1,0,0
12,0,0,0.84,0.47,0.1045,489,13352,7,1,1,0,0
13,0,0,0.86,0.41,0.1045,480,13353,7,1,1,0,0
14,0,0,0.9,0.37,0.2537,476,13354,7,1,1,0,0
15,0,0,0.86,0.47,0.1343,489,13355,7,1,1,0,0
16,0,0,0.86,0.41,0.2239,495,13356,7,1,1,0,0
17,0,0,0.8,0.59,0.4925,436,13357,7,1,1,0,0
18,0,0,0.72,0.79,0.3582,312,13358,7,1,0,1,0
19,0,0,0.72,0.84,0.2239,312,13359,7,1,1,0,0
20,0,0,0.72,0.79,0.2537,294,13360,7,1,1,0,0
21,0,0,0.72,0.79,0.0896,223,13361,7,1,1,0,0
22,0,0,0.72,0.74,0.1045,130,13362,7,1,1,0,0
23,0,0,0.72,0.79,0.1343,91,13363,7,1,1,0,0
0,0,1,0.72,0.79,0.1045,43,13364,7,1,0,1,0
1,0,1,0.7,0.74,0.19399999999999998,11,13365,7,1,0,0,1
2,0,1,0.7,0.74,0.1045,15,13366,7,1,1,0,0
3,0,1,0.68,0.79,0.0896,6,13367,7,1,1,0,0
4,0,1,0.68,0.79,0.1045,12,13368,7,1,1,0,0
5,0,1,0.66,0.78,0.1045,50,13369,7,1,1,0,0
6,0,1,0.68,0.79,0.1343,140,13370,7,1,1,0,0
7,0,1,0.72,0.7,0.0896,483,13371,7,1,1,0,0
8,0,1,0.74,0.66,0.1045,667,13372,7,1,1,0,0
9,0,1,0.76,0.62,0.1642,348,13373,7,1,1,0,0
10,0,1,0.8,0.59,0.0,186,13374,7,1,1,0,0
11,0,1,0.84,0.53,0.2239,182,13375,7,1,1,0,0
12,0,1,0.84,0.49,0.1343,237,13376,7,1,1,0,0
13,0,1,0.84,0.49,0.2836,239,13377,7,1,1,0,0
14,0,1,0.88,0.42,0.1045,212,13378,7,1,1,0,0
15,0,1,0.86,0.47,0.2537,237,13379,7,1,1,0,0
16,0,1,0.76,0.66,0.5821,386,13380,7,1,0,1,0
17,0,1,0.76,0.66,0.5821,755,13381,7,1,0,1,0
18,0,1,0.84,0.53,0.0,794,13382,7,1,1,0,0
19,0,1,0.8,0.63,0.1343,595,13383,7,1,1,0,0
20,0,1,0.8,0.59,0.1343,454,13384,7,1,1,0,0
21,0,1,0.76,0.66,0.1343,328,13385,7,1,1,0,0
22,0,1,0.76,0.62,0.0896,284,13386,7,1,1,0,0
23,0,1,0.74,0.74,0.0896,166,13387,7,1,1,0,0
0,0,1,0.72,0.84,0.1045,53,13388,7,1,1,0,0
1,0,1,0.74,0.7,0.0,25,13389,7,1,1,0,0
2,0,1,0.72,0.7,0.0896,7,13390,7,1,1,0,0
3,0,1,0.72,0.66,0.0,3,13391,7,1,1,0,0
4,0,1,0.72,0.62,0.0,7,13392,7,1,1,0,0
5,0,1,0.68,0.74,0.0896,38,13393,7,1,1,0,0
6,0,1,0.72,0.66,0.1045,213,13394,7,1,1,0,0
7,0,1,0.74,0.7,0.0,526,13395,7,1,0,0,1
8,0,1,0.8,0.55,0.0,661,13396,7,1,0,0,1
9,0,1,0.82,0.49,0.2239,320,13397,7,1,0,0,1
10,0,1,0.84,0.49,0.19399999999999998,159,13398,7,1,0,0,1
11,0,1,0.86,0.47,0.0,206,13399,7,1,0,0,1
12,0,1,0.9,0.35,0.0,254,13400,7,1,0,0,1
13,0,1,0.92,0.31,0.19399999999999998,221,13401,7,1,1,0,0
14,0,1,0.94,0.29,0.2537,214,13402,7,1,1,0,0
15,0,1,0.92,0.31,0.1642,244,13403,7,1,1,0,0
16,0,1,0.92,0.29,0.1642,381,13404,7,1,1,0,0
17,0,1,0.92,0.29,0.0,770,13405,7,1,1,0,0
18,0,1,0.9,0.33,0.19399999999999998,772,13406,7,1,1,0,0
19,0,1,0.88,0.35,0.2537,547,13407,7,1,1,0,0
20,0,1,0.86,0.34,0.1642,427,13408,7,1,1,0,0
21,0,1,0.82,0.52,0.1343,333,13409,7,1,1,0,0
22,0,1,0.8,0.55,0.2239,244,13410,7,1,1,0,0
23,0,1,0.78,0.59,0.19399999999999998,161,13411,7,1,1,0,0
0,0,1,0.76,0.66,0.1642,53,13412,7,1,1,0,0
1,0,1,0.76,0.66,0.1045,16,13413,7,1,1,0,0
2,0,1,0.74,0.66,0.1343,8,13414,7,1,1,0,0
3,0,1,0.74,0.66,0.1343,4,13415,7,1,1,0,0
4,0,1,0.72,0.7,0.1343,6,13416,7,1,1,0,0
5,0,1,0.72,0.7,0.1642,46,13417,7,1,1,0,0
6,0,1,0.72,0.7,0.1642,162,13418,7,1,1,0,0
7,0,1,0.74,0.66,0.1642,495,13419,7,1,1,0,0
8,0,1,0.78,0.62,0.1045,679,13420,7,1,1,0,0
9,0,1,0.82,0.56,0.0,297,13421,7,1,1,0,0
10,0,1,0.9,0.42,0.19399999999999998,138,13422,7,1,1,0,0
11,0,1,0.9,0.42,0.0,183,13423,7,1,1,0,0
12,0,1,0.92,0.37,0.1343,202,13424,7,1,1,0,0
13,0,1,0.94,0.33,0.0,203,13425,7,1,1,0,0
14,0,1,0.94,0.38,0.3284,170,13426,7,1,1,0,0
15,0,1,0.92,0.35,0.3582,194,13427,7,1,0,1,0
16,0,1,0.74,0.66,0.2537,224,13428,7,1,1,0,0
17,0,1,0.74,0.7,0.2537,370,13429,7,1,1,0,0
18,0,1,0.76,0.62,0.1343,643,13430,7,1,0,0,1
19,0,1,0.76,0.62,0.1045,516,13431,7,1,0,0,1
20,0,1,0.74,0.62,0.0896,366,13432,7,1,1,0,0
21,0,1,0.76,0.62,0.0,319,13433,7,1,1,0,0
22,0,1,0.76,0.58,0.0896,288,13434,7,1,1,0,0
23,0,1,0.76,0.58,0.0896,131,13435,7,1,1,0,0
0,0,1,0.74,0.66,0.0896,66,13436,7,1,1,0,0
1,0,1,0.74,0.66,0.0896,25,13437,7,1,1,0,0
2,0,1,0.72,0.7,0.19399999999999998,7,13438,7,1,1,0,0
3,0,1,0.72,0.7,0.1045,5,13439,7,1,1,0,0
4,0,1,0.72,0.7,0.1045,8,13440,7,1,1,0,0
5,0,1,0.72,0.7,0.1045,40,13441,7,1,0,0,1
6,0,1,0.72,0.66,0.1343,152,13442,7,1,1,0,0
7,0,1,0.74,0.58,0.2836,473,13443,7,1,1,0,0
8,0,1,0.76,0.58,0.2537,657,13444,7,1,1,0,0
9,0,1,0.76,0.58,0.2836,318,13445,7,1,0,0,1
10,0,1,0.76,0.58,0.19399999999999998,198,13446,7,1,1,0,0
11,0,1,0.8,0.55,0.1045,216,13447,7,1,1,0,0
12,0,1,0.84,0.49,0.2836,274,13448,7,1,1,0,0
13,0,1,0.84,0.47,0.1343,254,13449,7,1,1,0,0
14,0,1,0.86,0.44,0.0896,197,13450,7,1,1,0,0
15,0,1,0.84,0.47,0.0896,292,13451,7,1,1,0,0
16,0,1,0.84,0.47,0.0896,358,13452,7,1,1,0,0
17,0,1,0.86,0.41,0.0,771,13453,7,1,1,0,0
18,0,1,0.86,0.41,0.19399999999999998,777,13454,7,1,1,0,0
19,0,1,0.84,0.44,0.2537,533,13455,7,1,1,0,0
20,0,1,0.82,0.49,0.1642,505,13456,7,1,1,0,0
21,0,1,0.66,0.89,0.2537,332,13457,7,1,0,1,0
22,0,1,0.66,0.89,0.2537,68,13458,7,1,0,1,0
23,0,1,0.66,0.89,0.2239,65,13459,7,1,0,1,0
0,0,1,0.66,0.89,0.0896,34,13460,7,1,0,1,0
1,0,1,0.66,0.89,0.1343,11,13461,7,1,1,0,0
2,0,1,0.66,0.89,0.0896,19,13462,7,1,0,0,1
3,0,1,0.66,0.89,0.1045,36,13463,7,1,0,0,1
4,0,1,0.66,0.89,0.1642,9,13464,7,1,0,0,1
5,0,1,0.66,0.89,0.1343,42,13465,7,1,0,0,1
6,0,1,0.66,0.89,0.1642,126,13466,7,1,0,0,1
7,0,1,0.66,0.89,0.19399999999999998,360,13467,7,1,0,0,1
8,0,1,0.68,0.83,0.1642,691,13468,7,1,0,0,1
9,0,1,0.7,0.79,0.1343,373,13469,7,1,0,0,1
10,0,1,0.7,0.79,0.1642,233,13470,7,1,0,0,1
11,0,1,0.72,0.74,0.19399999999999998,212,13471,7,1,0,1,0
12,0,1,0.68,0.83,0.1642,274,13472,7,1,0,1,0
13,0,1,0.68,0.83,0.1045,156,13473,7,1,0,1,0
14,0,1,0.7,0.84,0.1642,229,13474,7,1,0,1,0
15,0,1,0.7,0.84,0.2985,216,13475,7,1,0,0,1
16,0,1,0.68,0.83,0.3284,436,13476,7,1,0,0,1
17,0,1,0.66,0.89,0.4179,715,13477,7,1,0,0,1
18,0,1,0.66,0.78,0.3284,622,13478,7,1,0,0,1
19,0,1,0.64,0.83,0.2836,402,13479,7,1,0,0,1
20,0,1,0.64,0.83,0.3881,251,13480,7,1,0,1,0
21,0,1,0.62,0.83,0.3284,122,13481,7,1,0,1,0
22,0,1,0.62,0.83,0.19399999999999998,135,13482,7,1,0,0,1
23,0,1,0.62,0.83,0.2836,166,13483,7,1,0,0,1
0,0,0,0.62,0.83,0.2836,103,13484,7,1,0,1,0
1,0,0,0.62,0.83,0.2537,72,13485,7,1,0,0,1
2,0,0,0.6,0.88,0.2836,60,13486,7,1,0,1,0
3,0,0,0.6,0.88,0.2537,25,13487,7,1,0,1,0
4,0,0,0.58,0.88,0.2836,16,13488,7,1,0,1,0
5,0,0,0.58,0.88,0.2537,17,13489,7,1,0,1,0
6,0,0,0.58,0.88,0.2537,15,13490,7,1,0,1,0
7,0,0,0.58,0.88,0.2537,37,13491,7,1,0,0,1
8,0,0,0.58,0.83,0.2537,112,13492,7,1,0,0,1
9,0,0,0.58,0.83,0.19399999999999998,207,13493,7,1,0,0,1
10,0,0,0.58,0.88,0.2537,268,13494,7,1,0,1,0
11,0,0,0.6,0.83,0.2537,305,13495,7,1,0,0,1
12,0,0,0.6,0.83,0.2239,457,13496,7,1,0,1,0
13,0,0,0.6,0.83,0.1642,354,13497,7,1,0,1,0
14,0,0,0.6,0.88,0.2537,343,13498,7,1,0,0,1
15,0,0,0.6,0.88,0.2537,380,13499,7,1,0,1,0
16,0,0,0.6,0.88,0.19399999999999998,326,13500,7,1,0,1,0
17,0,0,0.6,0.88,0.1642,241,13501,7,1,0,1,0
18,0,0,0.6,0.88,0.19399999999999998,177,13502,7,1,0,0,1
19,0,0,0.6,0.88,0.1642,238,13503,7,1,0,0,1
20,0,0,0.6,0.88,0.1642,214,13504,7,1,0,1,0
21,0,0,0.6,0.88,0.1642,163,13505,7,1,0,0,1
22,0,0,0.6,0.88,0.1045,180,13506,7,1,0,0,1
23,0,0,0.6,0.88,0.0,149,13507,7,1,0,0,1
0,0,0,0.6,0.88,0.1045,113,13508,7,1,0,0,1
1,0,0,0.6,0.88,0.1642,130,13509,7,1,0,0,1
2,0,0,0.6,0.88,0.1045,122,13510,7,1,0,0,1
3,0,0,0.6,0.88,0.1045,43,13511,7,1,0,0,1
4,0,0,0.6,0.88,0.0,16,13512,7,1,1,0,0
5,0,0,0.6,0.88,0.0,6,13513,7,1,1,0,0
6,0,0,0.62,0.83,0.0896,19,13514,7,1,0,0,1
7,0,0,0.62,0.83,0.0,38,13515,7,1,0,0,1
8,0,0,0.64,0.78,0.0,153,13516,7,1,0,0,1
9,0,0,0.66,0.69,0.0,258,13517,7,1,0,0,1
10,0,0,0.66,0.74,0.0,379,13518,7,1,0,0,1
11,0,0,0.66,0.74,0.0,505,13519,7,1,0,0,1
12,0,0,0.7,0.7,0.1045,504,13520,7,1,0,0,1
13,0,0,0.7,0.65,0.0896,626,13521,7,1,0,0,1
14,0,0,0.72,0.66,0.1045,616,13522,7,1,1,0,0
15,0,0,0.72,0.66,0.1045,624,13523,7,1,1,0,0
16,0,0,0.74,0.66,0.1045,628,13524,7,1,1,0,0
17,0,0,0.74,0.66,0.2239,556,13525,7,1,1,0,0
18,0,0,0.74,0.66,0.1642,515,13526,7,1,1,0,0
19,0,0,0.72,0.7,0.1642,522,13527,7,1,1,0,0
20,0,0,0.7,0.74,0.1642,378,13528,7,1,1,0,0
21,0,0,0.7,0.79,0.1045,345,13529,7,1,1,0,0
22,0,0,0.7,0.74,0.19399999999999998,191,13530,7,1,1,0,0
23,0,0,0.68,0.79,0.1642,123,13531,7,1,1,0,0
0,0,1,0.66,0.89,0.0896,47,13532,7,1,1,0,0
1,0,1,0.66,0.89,0.19399999999999998,27,13533,7,1,1,0,0
2,0,1,0.66,0.94,0.0896,17,13534,7,1,0,0,1
3,0,1,0.66,0.94,0.0896,2,13535,7,1,0,0,1
4,0,1,0.66,0.94,0.1343,8,13536,7,1,0,0,1
5,0,1,0.66,0.94,0.1343,51,13537,7,1,0,0,1
6,0,1,0.68,0.89,0.0896,157,13538,7,1,0,0,1
7,0,1,0.7,0.84,0.1343,421,13539,7,1,1,0,0
8,0,1,0.72,0.79,0.1045,738,13540,7,1,1,0,0
9,0,1,0.74,0.74,0.1343,345,13541,7,1,0,0,1
10,0,1,0.78,0.62,0.0,200,13542,7,1,0,0,1
11,0,1,0.8,0.52,0.1642,198,13543,7,1,0,0,1
12,0,1,0.8,0.52,0.1642,314,13544,7,1,0,0,1
13,0,1,0.8,0.52,0.1045,240,13545,7,1,0,0,1
14,0,1,0.78,0.59,0.1642,271,13546,7,1,0,0,1
15,0,1,0.8,0.55,0.19399999999999998,281,13547,7,1,1,0,0
16,0,1,0.82,0.52,0.1343,457,13548,7,1,1,0,0
17,0,1,0.82,0.52,0.1343,847,13549,7,1,1,0,0
18,0,1,0.82,0.46,0.1045,741,13550,7,1,1,0,0
19,0,1,0.8,0.52,0.2537,582,13551,7,1,1,0,0
20,0,1,0.76,0.62,0.1642,403,13552,7,1,1,0,0
21,0,1,0.76,0.62,0.19399999999999998,296,13553,7,1,1,0,0
22,0,1,0.74,0.62,0.19399999999999998,209,13554,7,1,1,0,0
23,0,1,0.72,0.66,0.1642,114,13555,7,1,1,0,0
0,0,1,0.7,0.74,0.1343,64,13556,7,1,1,0,0
1,0,1,0.68,0.79,0.1642,17,13557,7,1,1,0,0
2,0,1,0.66,0.83,0.1642,16,13558,7,1,1,0,0
3,0,1,0.66,0.83,0.1642,6,13559,7,1,1,0,0
4,0,1,0.66,0.83,0.0896,6,13560,7,1,1,0,0
5,0,1,0.66,0.83,0.1045,50,13561,7,1,1,0,0
6,0,1,0.66,0.83,0.1343,190,13562,7,1,1,0,0
7,0,1,0.7,0.74,0.1642,516,13563,7,1,1,0,0
8,0,1,0.74,0.7,0.19399999999999998,743,13564,7,1,1,0,0
9,0,1,0.84,0.53,0.0,339,13565,7,1,1,0,0
10,0,1,0.82,0.56,0.2985,218,13566,7,1,1,0,0
11,0,1,0.84,0.53,0.3284,201,13567,7,1,0,0,1
12,0,1,0.82,0.56,0.2239,229,13568,7,1,0,0,1
13,0,1,0.84,0.53,0.2985,273,13569,7,1,0,0,1
14,0,1,0.84,0.53,0.2239,244,13570,7,1,0,0,1
15,0,1,0.82,0.49,0.2985,285,13571,7,1,1,0,0
16,0,1,0.8,0.55,0.2985,455,13572,7,1,1,0,0
17,0,1,0.8,0.52,0.3284,869,13573,7,1,1,0,0
18,0,1,0.76,0.62,0.3284,877,13574,7,1,1,0,0
19,0,1,0.76,0.62,0.1642,632,13575,7,1,1,0,0
20,0,1,0.74,0.66,0.1642,523,13576,7,1,1,0,0
21,0,1,0.74,0.66,0.2239,378,13577,7,1,1,0,0
22,0,1,0.74,0.66,0.2537,269,13578,7,1,1,0,0
23,0,1,0.74,0.58,0.3284,192,13579,7,1,1,0,0
0,0,1,0.72,0.58,0.2985,66,13580,7,1,1,0,0
1,0,1,0.7,0.58,0.19399999999999998,28,13581,7,1,1,0,0
2,0,1,0.68,0.61,0.2239,12,13582,7,1,1,0,0
3,0,1,0.66,0.65,0.2239,12,13583,7,1,1,0,0
4,0,1,0.64,0.65,0.2239,4,13584,7,1,1,0,0
5,0,1,0.64,0.65,0.1642,59,13585,7,1,1,0,0
6,0,1,0.64,0.65,0.19399999999999998,190,13586,7,1,1,0,0
7,0,1,0.66,0.5,0.3284,507,13587,7,1,1,0,0
8,0,1,0.7,0.42,0.2537,788,13588,7,1,1,0,0
9,0,1,0.72,0.37,0.2985,342,13589,7,1,1,0,0
10,0,1,0.74,0.37,0.0,231,13590,7,1,1,0,0
11,0,1,0.76,0.33,0.0,281,13591,7,1,1,0,0
12,0,1,0.76,0.33,0.0,310,13592,7,1,1,0,0
13,0,1,0.78,0.31,0.1642,312,13593,7,1,1,0,0
14,0,1,0.8,0.29,0.1343,247,13594,7,1,1,0,0
15,0,1,0.78,0.31,0.0896,317,13595,7,1,1,0,0
16,0,1,0.8,0.29,0.1642,484,13596,7,1,1,0,0
17,0,1,0.8,0.31,0.0,913,13597,7,1,1,0,0
18,0,1,0.8,0.27,0.1343,891,13598,7,1,1,0,0
19,0,1,0.76,0.33,0.1343,698,13599,7,1,1,0,0
20,0,1,0.74,0.4,0.1642,567,13600,7,1,1,0,0
21,0,1,0.72,0.45,0.1343,397,13601,7,1,1,0,0
22,0,1,0.7,0.58,0.1343,278,13602,7,1,1,0,0
23,0,1,0.68,0.57,0.2985,239,13603,7,1,1,0,0
0,0,1,0.66,0.65,0.19399999999999998,92,13604,7,1,1,0,0
1,0,1,0.66,0.65,0.2239,29,13605,7,1,1,0,0
2,0,1,0.66,0.69,0.2537,21,13606,7,1,1,0,0
3,0,1,0.66,0.69,0.2239,8,13607,7,1,1,0,0
4,0,1,0.66,0.74,0.19399999999999998,4,13608,7,1,1,0,0
5,0,1,0.66,0.74,0.19399999999999998,42,13609,7,1,1,0,0
6,0,1,0.66,0.78,0.2537,181,13610,7,1,1,0,0
7,0,1,0.7,0.74,0.2537,495,13611,7,1,1,0,0
8,0,1,0.7,0.74,0.2537,729,13612,7,1,0,0,1
9,0,1,0.72,0.7,0.1343,344,13613,7,1,0,0,1
10,0,1,0.74,0.7,0.2239,222,13614,7,1,1,0,0
11,0,1,0.8,0.66,0.2239,212,13615,7,1,1,0,0
12,0,1,0.84,0.56,0.2537,279,13616,7,1,1,0,0
13,0,1,0.86,0.53,0.2985,242,13617,7,1,1,0,0
14,0,1,0.9,0.47,0.2537,213,13618,7,1,1,0,0
15,0,1,0.92,0.42,0.2985,238,13619,7,1,1,0,0
16,0,1,0.94,0.38,0.3881,374,13620,7,1,1,0,0
17,0,1,0.9,0.45,0.4179,738,13621,7,1,1,0,0
18,0,1,0.92,0.4,0.3582,688,13622,7,1,1,0,0
19,0,1,0.9,0.45,0.3284,614,13623,7,1,1,0,0
20,0,1,0.86,0.5,0.2537,446,13624,7,1,1,0,0
21,0,1,0.8,0.49,0.6119,271,13625,7,1,1,0,0
22,0,1,0.8,0.49,0.6119,234,13626,7,1,1,0,0
23,0,1,0.72,0.7,0.1343,145,13627,7,1,1,0,0
0,0,1,0.72,0.7,0.0,97,13628,7,1,1,0,0
1,0,1,0.72,0.7,0.1045,54,13629,7,1,1,0,0
2,0,1,0.7,0.79,0.1343,26,13630,7,1,1,0,0
3,0,1,0.7,0.74,0.1642,12,13631,7,1,1,0,0
4,0,1,0.7,0.79,0.0,8,13632,7,1,1,0,0
5,0,1,0.7,0.84,0.0,37,13633,7,1,1,0,0
6,0,1,0.7,0.79,0.0,139,13634,7,1,1,0,0
7,0,1,0.72,0.7,0.19399999999999998,410,13635,7,1,1,0,0
8,0,1,0.76,0.66,0.0896,676,13636,7,1,1,0,0
9,0,1,0.82,0.49,0.2836,363,13637,7,1,1,0,0
10,0,1,0.84,0.47,0.0,231,13638,7,1,1,0,0
11,0,1,0.84,0.47,0.3284,251,13639,7,1,1,0,0
12,0,1,0.84,0.49,0.3582,299,13640,7,1,1,0,0
13,0,1,0.84,0.47,0.2836,314,13641,7,1,1,0,0
14,0,1,0.86,0.47,0.2985,326,13642,7,1,1,0,0
15,0,1,0.86,0.41,0.2239,323,13643,7,1,1,0,0
16,0,1,0.84,0.47,0.2239,499,13644,7,1,1,0,0
17,0,1,0.86,0.41,0.2836,699,13645,7,1,1,0,0
18,0,1,0.82,0.46,0.1642,622,13646,7,1,1,0,0
19,0,1,0.82,0.52,0.19399999999999998,516,13647,7,1,1,0,0
20,0,1,0.78,0.59,0.1045,354,13648,7,1,1,0,0
21,0,1,0.78,0.59,0.1045,260,13649,7,1,1,0,0
22,0,1,0.78,0.59,0.1343,199,13650,7,1,1,0,0
23,0,1,0.76,0.66,0.0,189,13651,7,1,1,0,0
0,0,0,0.74,0.62,0.1343,191,13652,7,1,1,0,0
1,0,0,0.72,0.7,0.0896,80,13653,7,1,1,0,0
2,0,0,0.72,0.7,0.0,90,13654,7,1,1,0,0
3,0,0,0.72,0.7,0.0,43,13655,7,1,1,0,0
4,0,0,0.7,0.79,0.19399999999999998,11,13656,7,1,1,0,0
5,0,0,0.68,0.79,0.1642,14,13657,7,1,1,0,0
6,0,0,0.7,0.7,0.1045,50,13658,7,1,1,0,0
7,0,0,0.72,0.7,0.1343,76,13659,7,1,1,0,0
8,0,0,0.74,0.66,0.1642,163,13660,7,1,1,0,0
9,0,0,0.78,0.59,0.1045,337,13661,7,1,1,0,0
10,0,0,0.82,0.52,0.2239,395,13662,7,1,1,0,0
11,0,0,0.84,0.39,0.2239,457,13663,7,1,1,0,0
12,0,0,0.84,0.41,0.2239,487,13664,7,1,1,0,0
13,0,0,0.86,0.41,0.2836,498,13665,7,1,1,0,0
14,0,0,0.86,0.39,0.2537,494,13666,7,1,1,0,0
15,0,0,0.88,0.32,0.2836,497,13667,7,1,1,0,0
16,0,0,0.86,0.39,0.2239,487,13668,7,1,1,0,0
17,0,0,0.82,0.46,0.19399999999999998,479,13669,7,1,1,0,0
18,0,0,0.82,0.43,0.2836,481,13670,7,1,1,0,0
19,0,0,0.68,0.83,0.0,338,13671,7,1,1,0,0
20,0,0,0.66,0.83,0.2239,233,13672,7,1,1,0,0
21,0,0,0.66,0.78,0.0896,300,13673,7,1,1,0,0
22,0,0,0.66,0.78,0.0896,276,13674,7,1,1,0,0
23,0,0,0.66,0.83,0.0896,208,13675,7,1,1,0,0
0,0,0,0.66,0.89,0.1343,188,13676,7,1,1,0,0
1,0,0,0.66,0.83,0.1045,158,13677,7,1,1,0,0
2,0,0,0.66,0.74,0.1343,112,13678,7,1,1,0,0
3,0,0,0.66,0.69,0.2239,55,13679,7,1,1,0,0
4,0,0,0.64,0.69,0.19399999999999998,13,13680,7,1,1,0,0
5,0,0,0.62,0.78,0.19399999999999998,17,13681,7,1,1,0,0
6,0,0,0.64,0.73,0.1642,18,13682,7,1,1,0,0
7,0,0,0.66,0.69,0.2537,40,13683,7,1,1,0,0
8,0,0,0.7,0.65,0.2239,127,13684,7,1,1,0,0
9,0,0,0.72,0.62,0.2537,226,13685,7,1,1,0,0
10,0,0,0.74,0.62,0.0,381,13686,7,1,1,0,0
11,0,0,0.76,0.55,0.2239,509,13687,7,1,1,0,0
12,0,0,0.76,0.55,0.3284,511,13688,7,1,1,0,0
13,0,0,0.8,0.49,0.2239,483,13689,7,1,1,0,0
14,0,0,0.8,0.46,0.19399999999999998,522,13690,7,1,1,0,0
15,0,0,0.8,0.43,0.1343,501,13691,7,1,1,0,0
16,0,0,0.8,0.43,0.1343,521,13692,7,1,1,0,0
17,0,0,0.82,0.41,0.1642,531,13693,7,1,1,0,0
18,0,0,0.8,0.41,0.2985,419,13694,7,1,1,0,0
19,0,0,0.76,0.55,0.1642,443,13695,7,1,1,0,0
20,0,0,0.74,0.66,0.1045,303,13696,7,1,1,0,0
21,0,0,0.72,0.7,0.1343,271,13697,7,1,1,0,0
22,0,0,0.7,0.7,0.1045,148,13698,7,1,1,0,0
23,0,0,0.7,0.7,0.0,100,13699,7,1,1,0,0
0,0,1,0.7,0.74,0.0896,58,13700,7,1,1,0,0
1,0,1,0.7,0.74,0.0,19,13701,7,1,1,0,0
2,0,1,0.68,0.74,0.0,8,13702,7,1,1,0,0
3,0,1,0.66,0.83,0.0,3,13703,7,1,1,0,0
4,0,1,0.66,0.83,0.0,5,13704,7,1,1,0,0
5,0,1,0.66,0.83,0.1045,47,13705,7,1,1,0,0
6,0,1,0.66,0.83,0.1642,161,13706,7,1,1,0,0
7,0,1,0.7,0.79,0.0896,469,13707,7,1,1,0,0
8,0,1,0.72,0.74,0.1045,751,13708,7,1,0,0,1
9,0,1,0.74,0.7,0.0,293,13709,7,1,0,0,1
10,0,1,0.74,0.66,0.2239,189,13710,7,1,0,0,1
11,0,1,0.78,0.55,0.1343,215,13711,7,1,0,0,1
12,0,1,0.76,0.58,0.1045,278,13712,7,1,0,0,1
13,0,1,0.8,0.49,0.1642,226,13713,7,1,1,0,0
14,0,1,0.8,0.49,0.2239,254,13714,7,1,1,0,0
15,0,1,0.8,0.49,0.2537,236,13715,7,1,1,0,0
16,0,1,0.8,0.49,0.2836,425,13716,7,1,1,0,0
17,0,1,0.76,0.55,0.3284,827,13717,7,1,1,0,0
18,0,1,0.76,0.58,0.4179,812,13718,7,1,1,0,0
19,0,1,0.82,0.52,0.1642,665,13719,7,1,1,0,0
20,0,1,0.72,0.7,0.2239,462,13720,7,1,1,0,0
21,0,1,0.72,0.7,0.19399999999999998,322,13721,7,1,1,0,0
22,0,1,0.7,0.74,0.2239,230,13722,7,1,0,0,1
23,0,1,0.7,0.74,0.19399999999999998,150,13723,7,1,1,0,0
0,0,1,0.68,0.79,0.1343,38,13724,7,1,1,0,0
1,0,1,0.66,0.83,0.1343,21,13725,7,1,1,0,0
2,0,1,0.66,0.83,0.1343,8,13726,7,1,1,0,0
3,0,1,0.66,0.83,0.0896,6,13727,7,1,1,0,0
4,0,1,0.66,0.83,0.0896,6,13728,7,1,1,0,0
5,0,1,0.66,0.83,0.1642,45,13729,7,1,1,0,0
6,0,1,0.64,0.89,0.1642,194,13730,7,1,1,0,0
7,0,1,0.68,0.83,0.2239,513,13731,7,1,1,0,0
8,0,1,0.7,0.79,0.1343,760,13732,7,1,1,0,0
9,0,1,0.72,0.7,0.1045,333,13733,7,1,1,0,0
10,0,1,0.72,0.66,0.0,227,13734,7,1,1,0,0
11,0,1,0.76,0.58,0.0,224,13735,7,1,1,0,0
12,0,1,0.8,0.46,0.0,248,13736,7,1,1,0,0
13,0,1,0.8,0.55,0.2836,288,13737,7,1,1,0,0
14,0,1,0.8,0.55,0.2836,260,13738,7,1,1,0,0
15,0,1,0.76,0.62,0.1343,144,13739,7,1,1,0,0
16,0,1,0.76,0.58,0.2239,402,13740,7,1,1,0,0
17,0,1,0.78,0.52,0.2239,820,13741,7,1,1,0,0
18,0,1,0.76,0.55,0.2836,857,13742,7,1,1,0,0
19,0,1,0.74,0.62,0.3582,614,13743,7,1,0,1,0
20,0,1,0.7,0.7,0.19399999999999998,452,13744,7,1,0,1,0
21,0,1,0.68,0.79,0.19399999999999998,352,13745,7,1,1,0,0
22,0,1,0.68,0.74,0.2537,257,13746,7,1,1,0,0
23,0,1,0.66,0.83,0.1642,147,13747,7,1,0,0,1
0,0,1,0.68,0.79,0.1642,47,13748,8,1,1,0,0
1,0,1,0.66,0.83,0.0896,33,13749,8,1,1,0,0
2,0,1,0.64,0.83,0.1045,13,13750,8,1,1,0,0
3,0,1,0.64,0.83,0.1045,7,13751,8,1,1,0,0
4,0,1,0.64,0.78,0.1343,4,13752,8,1,0,0,1
5,0,1,0.64,0.78,0.1343,49,13753,8,1,0,0,1
6,0,1,0.64,0.78,0.1343,185,13754,8,1,1,0,0
7,0,1,0.64,0.83,0.1343,487,13755,8,1,0,0,1
8,0,1,0.66,0.78,0.19399999999999998,681,13756,8,1,0,0,1
9,0,1,0.68,0.74,0.0896,350,13757,8,1,0,0,1
10,0,1,0.72,0.66,0.0896,236,13758,8,1,1,0,0
11,0,1,0.76,0.58,0.0896,234,13759,8,1,1,0,0
12,0,1,0.8,0.49,0.1045,284,13760,8,1,1,0,0
13,0,1,0.8,0.52,0.1642,280,13761,8,1,1,0,0
14,0,1,0.82,0.46,0.1642,263,13762,8,1,1,0,0
15,0,1,0.82,0.46,0.1642,295,13763,8,1,1,0,0
16,0,1,0.8,0.55,0.2836,479,13764,8,1,1,0,0
17,0,1,0.8,0.49,0.1642,837,13765,8,1,1,0,0
18,0,1,0.76,0.62,0.2239,891,13766,8,1,0,1,0
19,0,1,0.74,0.66,0.2537,652,13767,8,1,1,0,0
20,0,1,0.74,0.66,0.1642,513,13768,8,1,1,0,0
21,0,1,0.72,0.7,0.1343,320,13769,8,1,1,0,0
22,0,1,0.72,0.7,0.1045,288,13770,8,1,1,0,0
23,0,1,0.7,0.74,0.0,152,13771,8,1,1,0,0
0,0,1,0.7,0.74,0.0,63,13772,8,1,1,0,0
1,0,1,0.68,0.79,0.1045,42,13773,8,1,1,0,0
2,0,1,0.66,0.83,0.0896,11,13774,8,1,1,0,0
3,0,1,0.66,0.83,0.0,6,13775,8,1,1,0,0
4,0,1,0.66,0.83,0.0,9,13776,8,1,1,0,0
5,0,1,0.66,0.89,0.1343,41,13777,8,1,1,0,0
6,0,1,0.66,0.83,0.0,183,13778,8,1,1,0,0
7,0,1,0.7,0.79,0.0,473,13779,8,1,1,0,0
8,0,1,0.72,0.74,0.1045,739,13780,8,1,1,0,0
9,0,1,0.76,0.66,0.1045,343,13781,8,1,1,0,0
10,0,1,0.8,0.55,0.0,181,13782,8,1,1,0,0
11,0,1,0.82,0.52,0.1045,226,13783,8,1,1,0,0
12,0,1,0.84,0.44,0.1343,286,13784,8,1,1,0,0
13,0,1,0.86,0.44,0.2239,310,13785,8,1,1,0,0
14,0,1,0.86,0.41,0.1343,225,13786,8,1,1,0,0
15,0,1,0.78,0.62,0.4627,270,13787,8,1,1,0,0
16,0,1,0.82,0.46,0.19399999999999998,406,13788,8,1,1,0,0
17,0,1,0.82,0.52,0.2537,865,13789,8,1,1,0,0
18,0,1,0.8,0.59,0.2239,767,13790,8,1,1,0,0
19,0,1,0.8,0.63,0.1642,607,13791,8,1,1,0,0
20,0,1,0.78,0.66,0.0,427,13792,8,1,1,0,0
21,0,1,0.76,0.66,0.2239,342,13793,8,1,1,0,0
22,0,1,0.74,0.7,0.19399999999999998,262,13794,8,1,1,0,0
23,0,1,0.72,0.7,0.2537,177,13795,8,1,1,0,0
0,0,1,0.72,0.7,0.19399999999999998,71,13796,8,1,1,0,0
1,0,1,0.7,0.74,0.19399999999999998,43,13797,8,1,1,0,0
2,0,1,0.68,0.79,0.2239,14,13798,8,1,1,0,0
3,0,1,0.68,0.79,0.2239,6,13799,8,1,1,0,0
4,0,1,0.66,0.83,0.2537,12,13800,8,1,1,0,0
5,0,1,0.66,0.83,0.1642,37,13801,8,1,1,0,0
6,0,1,0.66,0.83,0.2239,163,13802,8,1,1,0,0
7,0,1,0.7,0.74,0.1045,421,13803,8,1,1,0,0
8,0,1,0.72,0.7,0.1343,668,13804,8,1,1,0,0
9,0,1,0.74,0.66,0.1045,396,13805,8,1,0,0,1
10,0,1,0.8,0.52,0.19399999999999998,249,13806,8,1,0,0,1
11,0,1,0.84,0.49,0.2836,263,13807,8,1,0,0,1
12,0,1,0.86,0.5,0.2985,338,13808,8,1,0,0,1
13,0,1,0.86,0.47,0.2836,345,13809,8,1,0,0,1
14,0,1,0.86,0.44,0.2537,331,13810,8,1,0,0,1
15,0,1,0.88,0.42,0.2537,380,13811,8,1,1,0,0
16,0,1,0.86,0.41,0.2239,492,13812,8,1,0,0,1
17,0,1,0.84,0.53,0.2836,741,13813,8,1,0,0,1
18,0,1,0.82,0.59,0.2537,671,13814,8,1,0,0,1
19,0,1,0.8,0.63,0.2239,469,13815,8,1,0,0,1
20,0,1,0.78,0.66,0.2239,389,13816,8,1,0,0,1
21,0,1,0.76,0.66,0.19399999999999998,278,13817,8,1,0,0,1
22,0,1,0.76,0.7,0.2537,202,13818,8,1,1,0,0
23,0,1,0.74,0.79,0.1343,196,13819,8,1,1,0,0
0,0,0,0.74,0.79,0.1642,161,13820,8,1,1,0,0
1,0,0,0.72,0.84,0.19399999999999998,122,13821,8,1,1,0,0
2,0,0,0.72,0.84,0.1343,84,13822,8,1,1,0,0
3,0,0,0.72,0.84,0.1343,30,13823,8,1,1,0,0
4,0,0,0.72,0.79,0.19399999999999998,13,13824,8,1,1,0,0
5,0,0,0.7,0.84,0.2239,17,13825,8,1,1,0,0
6,0,0,0.7,0.84,0.2239,49,13826,8,1,1,0,0
7,0,0,0.72,0.77,0.1642,67,13827,8,1,1,0,0
8,0,0,0.74,0.72,0.19399999999999998,181,13828,8,1,1,0,0
9,0,0,0.78,0.65,0.2239,278,13829,8,1,1,0,0
10,0,0,0.82,0.57,0.19399999999999998,396,13830,8,1,1,0,0
11,0,0,0.86,0.47,0.2537,470,13831,8,1,1,0,0
12,0,0,0.86,0.4,0.3582,547,13832,8,1,1,0,0
13,0,0,0.88,0.42,0.2985,527,13833,8,1,1,0,0
14,0,0,0.88,0.4,0.3881,472,13834,8,1,1,0,0
15,0,0,0.88,0.42,0.4179,489,13835,8,1,1,0,0
16,0,0,0.9,0.39,0.2985,450,13836,8,1,1,0,0
17,0,0,0.88,0.37,0.2985,492,13837,8,1,1,0,0
18,0,0,0.86,0.41,0.3284,490,13838,8,1,1,0,0
19,0,0,0.82,0.52,0.3582,397,13839,8,1,1,0,0
20,0,0,0.82,0.52,0.2985,312,13840,8,1,1,0,0
21,0,0,0.8,0.59,0.2537,289,13841,8,1,1,0,0
22,0,0,0.76,0.66,0.2836,269,13842,8,1,1,0,0
23,0,0,0.76,0.66,0.2985,222,13843,8,1,1,0,0
0,0,0,0.74,0.7,0.2836,153,13844,8,1,1,0,0
1,0,0,0.74,0.7,0.2537,87,13845,8,1,1,0,0
2,0,0,0.74,0.7,0.2985,73,13846,8,1,1,0,0
3,0,0,0.72,0.74,0.2537,41,13847,8,1,1,0,0
4,0,0,0.72,0.74,0.2537,14,13848,8,1,1,0,0
5,0,0,0.72,0.74,0.2537,19,13849,8,1,1,0,0
6,0,0,0.72,0.79,0.2537,19,13850,8,1,1,0,0
7,0,0,0.74,0.74,0.2985,68,13851,8,1,1,0,0
8,0,0,0.76,0.66,0.3284,108,13852,8,1,1,0,0
9,0,0,0.8,0.59,0.3582,229,13853,8,1,1,0,0
10,0,0,0.8,0.59,0.4179,364,13854,8,1,1,0,0
11,0,0,0.82,0.56,0.4179,437,13855,8,1,1,0,0
12,0,0,0.86,0.47,0.5224,491,13856,8,1,1,0,0
13,0,0,0.88,0.44,0.4627,523,13857,8,1,1,0,0
14,0,0,0.9,0.42,0.4627,526,13858,8,1,1,0,0
15,0,0,0.9,0.37,0.5224,450,13859,8,1,1,0,0
16,0,0,0.82,0.46,0.2537,421,13860,8,1,1,0,0
17,0,0,0.82,0.46,0.2537,382,13861,8,1,1,0,0
18,0,0,0.7,0.74,0.1343,229,13862,8,1,0,1,0
19,0,0,0.7,0.84,0.2239,185,13863,8,1,1,0,0
20,0,0,0.7,0.84,0.1045,193,13864,8,1,1,0,0
21,0,0,0.72,0.79,0.1045,208,13865,8,1,1,0,0
22,0,0,0.72,0.79,0.0896,157,13866,8,1,1,0,0
23,0,0,0.72,0.79,0.1642,87,13867,8,1,0,0,1
0,0,1,0.72,0.79,0.0,33,13868,8,1,0,0,1
1,0,1,0.72,0.79,0.0896,11,13869,8,1,1,0,0
2,0,1,0.72,0.79,0.1343,5,13870,8,1,0,0,1
3,0,1,0.72,0.79,0.0896,5,13871,8,1,0,1,0
4,0,1,0.72,0.74,0.1343,11,13872,8,1,0,0,1
5,0,1,0.7,0.79,0.19399999999999998,25,13873,8,1,1,0,0
6,0,1,0.7,0.79,0.2239,141,13874,8,1,0,0,1
7,0,1,0.72,0.7,0.19399999999999998,407,13875,8,1,0,1,0
8,0,1,0.7,0.79,0.0,605,13876,8,1,0,0,1
9,0,1,0.7,0.79,0.1642,276,13877,8,1,0,1,0
10,0,1,0.74,0.7,0.2239,213,13878,8,1,1,0,0
11,0,1,0.76,0.66,0.1343,260,13879,8,1,1,0,0
12,0,1,0.78,0.55,0.0896,285,13880,8,1,0,0,1
13,0,1,0.8,0.49,0.2239,289,13881,8,1,1,0,0
14,0,1,0.82,0.46,0.0,287,13882,8,1,1,0,0
15,0,1,0.82,0.46,0.1343,274,13883,8,1,1,0,0
16,0,1,0.84,0.41,0.1045,451,13884,8,1,1,0,0
17,0,1,0.82,0.41,0.0,858,13885,8,1,1,0,0
18,0,1,0.82,0.41,0.1343,843,13886,8,1,1,0,0
19,0,1,0.78,0.59,0.19399999999999998,640,13887,8,1,1,0,0
20,0,1,0.76,0.66,0.1642,457,13888,8,1,1,0,0
21,0,1,0.74,0.7,0.19399999999999998,317,13889,8,1,1,0,0
22,0,1,0.74,0.7,0.0896,207,13890,8,1,1,0,0
23,0,1,0.72,0.74,0.19399999999999998,113,13891,8,1,1,0,0
0,0,1,0.7,0.84,0.19399999999999998,47,13892,8,1,1,0,0
1,0,1,0.7,0.84,0.1343,18,13893,8,1,1,0,0
2,0,1,0.7,0.84,0.1343,13,13894,8,1,1,0,0
3,0,1,0.7,0.84,0.0,6,13895,8,1,1,0,0
4,0,1,0.68,0.83,0.1343,9,13896,8,1,1,0,0
5,0,1,0.7,0.79,0.1045,36,13897,8,1,1,0,0
6,0,1,0.7,0.79,0.19399999999999998,179,13898,8,1,0,0,1
7,0,1,0.7,0.74,0.1343,502,13899,8,1,0,0,1
8,0,1,0.7,0.7,0.1642,705,13900,8,1,0,0,1
9,0,1,0.7,0.74,0.1343,327,13901,8,1,0,0,1
10,0,1,0.74,0.7,0.1343,250,13902,8,1,0,0,1
11,0,1,0.76,0.66,0.0896,214,13903,8,1,0,0,1
12,0,1,0.8,0.55,0.1343,283,13904,8,1,0,0,1
13,0,1,0.8,0.52,0.19399999999999998,253,13905,8,1,0,0,1
14,0,1,0.82,0.46,0.0,261,13906,8,1,0,0,1
15,0,1,0.8,0.52,0.0,306,13907,8,1,1,0,0
16,0,1,0.76,0.66,0.2836,445,13908,8,1,0,1,0
17,0,1,0.78,0.62,0.1343,868,13909,8,1,0,0,1
18,0,1,0.76,0.62,0.1642,814,13910,8,1,0,0,1
19,0,1,0.76,0.66,0.1045,610,13911,8,1,0,0,1
20,0,1,0.74,0.7,0.1343,448,13912,8,1,0,0,1
21,0,1,0.72,0.74,0.0,317,13913,8,1,0,0,1
22,0,1,0.72,0.74,0.1045,224,13914,8,1,1,0,0
23,0,1,0.72,0.79,0.0,138,13915,8,1,1,0,0
0,0,1,0.7,0.84,0.0,58,13916,8,1,1,0,0
1,0,1,0.72,0.79,0.0,23,13917,8,1,1,0,0
2,0,1,0.7,0.84,0.0,6,13918,8,1,1,0,0
3,0,1,0.7,0.84,0.0,7,13919,8,1,1,0,0
4,0,1,0.7,0.84,0.0,7,13920,8,1,1,0,0
5,0,1,0.68,0.89,0.1642,43,13921,8,1,0,0,1
6,0,1,0.7,0.84,0.1642,173,13922,8,1,0,0,1
7,0,1,0.7,0.84,0.1642,482,13923,8,1,0,0,1
8,0,1,0.74,0.72,0.0896,737,13924,8,1,0,0,1
9,0,1,0.76,0.66,0.0,341,13925,8,1,0,0,1
10,0,1,0.8,0.52,0.1343,214,13926,8,1,0,0,1
11,0,1,0.8,0.52,0.0,239,13927,8,1,0,0,1
12,0,1,0.8,0.52,0.0,280,13928,8,1,0,0,1
13,0,1,0.8,0.52,0.0,313,13929,8,1,0,0,1
14,0,1,0.8,0.52,0.2537,236,13930,8,1,0,0,1
15,0,1,0.84,0.44,0.19399999999999998,278,13931,8,1,0,0,1
16,0,1,0.8,0.49,0.2836,441,13932,8,1,0,0,1
17,0,1,0.8,0.55,0.2836,858,13933,8,1,0,0,1
18,0,1,0.78,0.55,0.1642,862,13934,8,1,0,0,1
19,0,1,0.76,0.66,0.2239,686,13935,8,1,1,0,0
20,0,1,0.74,0.66,0.19399999999999998,500,13936,8,1,1,0,0
21,0,1,0.74,0.66,0.1045,381,13937,8,1,1,0,0
22,0,1,0.72,0.74,0.1045,233,13938,8,1,1,0,0
23,0,1,0.72,0.7,0.1343,136,13939,8,1,1,0,0
0,0,1,0.72,0.74,0.19399999999999998,67,13940,8,1,1,0,0
1,0,1,0.7,0.79,0.1343,28,13941,8,1,1,0,0
2,0,1,0.7,0.84,0.0896,14,13942,8,1,1,0,0
3,0,1,0.68,0.83,0.0896,6,13943,8,1,1,0,0
4,0,1,0.68,0.89,0.1343,10,13944,8,1,0,0,1
5,0,1,0.66,0.94,0.0,41,13945,8,1,0,0,1
6,0,1,0.66,0.83,0.1642,167,13946,8,1,1,0,0
7,0,1,0.7,0.84,0.1642,475,13947,8,1,0,0,1
8,0,1,0.72,0.74,0.1045,698,13948,8,1,1,0,0
9,0,1,0.76,0.66,0.1642,353,13949,8,1,1,0,0
10,0,1,0.8,0.55,0.2239,205,13950,8,1,1,0,0
11,0,1,0.84,0.44,0.0,260,13951,8,1,1,0,0
12,0,1,0.84,0.44,0.1045,277,13952,8,1,1,0,0
13,0,1,0.86,0.41,0.1045,281,13953,8,1,1,0,0
14,0,1,0.88,0.32,0.2239,247,13954,8,1,1,0,0
15,0,1,0.88,0.32,0.2239,267,13955,8,1,1,0,0
16,0,1,0.86,0.39,0.2537,417,13956,8,1,1,0,0
17,0,1,0.86,0.36,0.2537,810,13957,8,1,1,0,0
18,0,1,0.82,0.46,0.2537,811,13958,8,1,0,0,1
19,0,1,0.8,0.55,0.19399999999999998,623,13959,8,1,1,0,0
20,0,1,0.7,0.54,0.2836,478,13960,8,1,1,0,0
21,0,1,0.7,0.58,0.1642,336,13961,8,1,0,0,1
22,0,1,0.66,0.69,0.2239,259,13962,8,1,0,0,1
23,0,1,0.66,0.74,0.0,156,13963,8,1,1,0,0
0,0,1,0.7,0.65,0.0896,85,13964,8,1,1,0,0
1,0,1,0.7,0.65,0.1045,41,13965,8,1,1,0,0
2,0,1,0.7,0.74,0.1642,20,13966,8,1,1,0,0
3,0,1,0.72,0.79,0.19399999999999998,9,13967,8,1,0,0,1
4,0,1,0.7,0.84,0.2836,7,13968,8,1,0,1,0
5,0,1,0.7,0.84,0.2836,33,13969,8,1,0,1,0
6,0,1,0.64,0.89,0.2985,44,13970,8,1,0,1,0
7,0,1,0.64,0.89,0.1045,133,13971,8,1,0,1,0
8,0,1,0.62,0.91,0.1642,119,13972,8,1,0,1,0
9,0,1,0.64,0.89,0.0,220,13973,8,1,0,0,1
10,0,1,0.66,0.89,0.1045,193,13974,8,1,1,0,0
11,0,1,0.68,0.79,0.1343,251,13975,8,1,0,1,0
12,0,1,0.74,0.66,0.3582,315,13976,8,1,0,0,1
13,0,1,0.76,0.58,0.3582,290,13977,8,1,0,0,1
14,0,1,0.76,0.58,0.3582,307,13978,8,1,1,0,0
15,0,1,0.8,0.52,0.4478,324,13979,8,1,1,0,0
16,0,1,0.78,0.55,0.2985,467,13980,8,1,1,0,0
17,0,1,0.8,0.52,0.2836,730,13981,8,1,1,0,0
18,0,1,0.76,0.62,0.2985,640,13982,8,1,1,0,0
19,0,1,0.76,0.62,0.2836,492,13983,8,1,1,0,0
20,0,1,0.74,0.66,0.2985,370,13984,8,1,1,0,0
21,0,1,0.74,0.66,0.2537,286,13985,8,1,1,0,0
22,0,1,0.72,0.74,0.2836,218,13986,8,1,1,0,0
23,0,1,0.72,0.7,0.2836,192,13987,8,1,1,0,0
0,0,0,0.7,0.7,0.2836,180,13988,8,1,1,0,0
1,0,0,0.66,0.74,0.2239,116,13989,8,1,1,0,0
2,0,0,0.64,0.78,0.19399999999999998,85,13990,8,1,0,1,0
3,0,0,0.62,0.83,0.1642,21,13991,8,1,0,1,0
4,0,0,0.62,0.83,0.1045,10,13992,8,1,1,0,0
5,0,0,0.62,0.88,0.1045,11,13993,8,1,1,0,0
6,0,0,0.62,0.88,0.1045,23,13994,8,1,0,0,1
7,0,0,0.64,0.83,0.0896,62,13995,8,1,1,0,0
8,0,0,0.66,0.83,0.1045,162,13996,8,1,1,0,0
9,0,0,0.68,0.79,0.19399999999999998,271,13997,8,1,1,0,0
10,0,0,0.72,0.62,0.0896,407,13998,8,1,1,0,0
11,0,0,0.74,0.66,0.1642,499,13999,8,1,1,0,0
12,0,0,0.76,0.58,0.2239,546,14000,8,1,1,0,0
13,0,0,0.8,0.49,0.3582,569,14001,8,1,1,0,0
14,0,0,0.8,0.49,0.2985,538,14002,8,1,1,0,0
15,0,0,0.8,0.46,0.2836,562,14003,8,1,1,0,0
16,0,0,0.8,0.46,0.2985,531,14004,8,1,1,0,0
17,0,0,0.74,0.66,0.3582,512,14005,8,1,0,1,0
18,0,0,0.7,0.74,0.2985,300,14006,8,1,0,0,1
19,0,0,0.66,0.89,0.1045,275,14007,8,1,0,0,1
20,0,0,0.66,0.89,0.4179,160,14008,8,1,0,1,0
21,0,0,0.66,0.89,0.1642,128,14009,8,1,0,0,1
22,0,0,0.66,0.89,0.1642,168,14010,8,1,0,0,1
23,0,0,0.66,0.78,0.1642,163,14011,8,1,0,1,0
0,0,0,0.64,0.73,0.1343,120,14012,8,1,0,0,1
1,0,0,0.62,0.78,0.1343,113,14013,8,1,1,0,0
2,0,0,0.64,0.69,0.1343,86,14014,8,1,1,0,0
3,0,0,0.62,0.73,0.0896,48,14015,8,1,1,0,0
4,0,0,0.64,0.69,0.0896,10,14016,8,1,1,0,0
5,0,0,0.64,0.61,0.19399999999999998,10,14017,8,1,1,0,0
6,0,0,0.64,0.65,0.1642,16,14018,8,1,1,0,0
7,0,0,0.64,0.65,0.1343,39,14019,8,1,1,0,0
8,0,0,0.66,0.54,0.2239,119,14020,8,1,1,0,0
9,0,0,0.7,0.48,0.2239,217,14021,8,1,1,0,0
10,0,0,0.7,0.51,0.1642,328,14022,8,1,1,0,0
11,0,0,0.74,0.42,0.1642,449,14023,8,1,1,0,0
12,0,0,0.74,0.42,0.19399999999999998,505,14024,8,1,1,0,0
13,0,0,0.78,0.4,0.0,543,14025,8,1,1,0,0
14,0,0,0.76,0.4,0.19399999999999998,579,14026,8,1,1,0,0
15,0,0,0.76,0.4,0.1343,577,14027,8,1,1,0,0
16,0,0,0.76,0.4,0.1045,513,14028,8,1,1,0,0
17,0,0,0.8,0.33,0.0,505,14029,8,1,1,0,0
18,0,0,0.78,0.35,0.1045,491,14030,8,1,1,0,0
19,0,0,0.74,0.4,0.1343,465,14031,8,1,1,0,0
20,0,0,0.72,0.45,0.0,300,14032,8,1,1,0,0
21,0,0,0.72,0.51,0.0896,220,14033,8,1,1,0,0
22,0,0,0.7,0.58,0.1343,181,14034,8,1,1,0,0
23,0,0,0.68,0.61,0.0,110,14035,8,1,1,0,0
0,0,1,0.66,0.65,0.1045,47,14036,8,1,1,0,0
1,0,1,0.66,0.65,0.0896,14,14037,8,1,1,0,0
2,0,1,0.64,0.69,0.1045,9,14038,8,1,1,0,0
3,0,1,0.64,0.69,0.0,6,14039,8,1,1,0,0
4,0,1,0.64,0.69,0.1045,11,14040,8,1,1,0,0
5,0,1,0.64,0.69,0.1045,36,14041,8,1,1,0,0
6,0,1,0.62,0.73,0.0896,159,14042,8,1,1,0,0
7,0,1,0.66,0.65,0.1343,436,14043,8,1,1,0,0
8,0,1,0.72,0.51,0.0896,673,14044,8,1,0,0,1
9,0,1,0.74,0.45,0.0,305,14045,8,1,0,0,1
10,0,1,0.76,0.4,0.0,199,14046,8,1,0,0,1
11,0,1,0.76,0.4,0.0896,245,14047,8,1,1,0,0
12,0,1,0.78,0.4,0.19399999999999998,276,14048,8,1,1,0,0
13,0,1,0.78,0.4,0.1642,254,14049,8,1,1,0,0
14,0,1,0.8,0.33,0.1045,248,14050,8,1,1,0,0
15,0,1,0.82,0.34,0.2239,274,14051,8,1,1,0,0
16,0,1,0.8,0.36,0.0896,464,14052,8,1,1,0,0
17,0,1,0.8,0.36,0.1642,818,14053,8,1,1,0,0
18,0,1,0.76,0.52,0.2836,812,14054,8,1,1,0,0
19,0,1,0.74,0.58,0.1642,555,14055,8,1,1,0,0
20,0,1,0.74,0.62,0.2239,432,14056,8,1,1,0,0
21,0,1,0.72,0.66,0.19399999999999998,290,14057,8,1,1,0,0
22,0,1,0.72,0.62,0.3284,192,14058,8,1,1,0,0
23,0,1,0.7,0.7,0.2239,128,14059,8,1,1,0,0
0,0,1,0.7,0.74,0.2239,60,14060,8,1,1,0,0
1,0,1,0.68,0.79,0.2537,27,14061,8,1,1,0,0
2,0,1,0.68,0.83,0.19399999999999998,11,14062,8,1,0,0,1
3,0,1,0.68,0.83,0.19399999999999998,3,14063,8,1,0,0,1
4,0,1,0.68,0.83,0.19399999999999998,5,14064,8,1,0,0,1
5,0,1,0.68,0.89,0.19399999999999998,36,14065,8,1,0,0,1
6,0,1,0.64,0.83,0.19399999999999998,64,14066,8,1,0,1,0
7,0,1,0.66,0.83,0.0896,179,14067,8,1,0,0,1
8,0,1,0.66,0.89,0.0896,618,14068,8,1,0,0,1
9,0,1,0.7,0.74,0.0,402,14069,8,1,0,0,1
10,0,1,0.7,0.79,0.1045,208,14070,8,1,1,0,0
11,0,1,0.74,0.62,0.0,196,14071,8,1,1,0,0
12,0,1,0.78,0.49,0.1343,300,14072,8,1,1,0,0
13,0,1,0.8,0.46,0.0896,286,14073,8,1,1,0,0
14,0,1,0.82,0.41,0.2239,255,14074,8,1,1,0,0
15,0,1,0.82,0.46,0.2239,283,14075,8,1,1,0,0
16,0,1,0.82,0.43,0.2239,458,14076,8,1,1,0,0
17,0,1,0.76,0.66,0.2537,812,14077,8,1,0,1,0
18,0,1,0.76,0.62,0.2836,854,14078,8,1,1,0,0
19,0,1,0.76,0.66,0.19399999999999998,627,14079,8,1,1,0,0
20,0,1,0.74,0.74,0.2239,436,14080,8,1,1,0,0
21,0,1,0.74,0.62,0.2239,308,14081,8,1,1,0,0
22,0,1,0.72,0.66,0.0896,189,14082,8,1,1,0,0
23,0,1,0.72,0.66,0.1642,167,14083,8,1,1,0,0
0,0,1,0.7,0.61,0.19399999999999998,60,14084,8,1,1,0,0
1,0,1,0.7,0.61,0.0,37,14085,8,1,1,0,0
2,0,1,0.68,0.65,0.0,8,14086,8,1,1,0,0
3,0,1,0.66,0.74,0.1045,11,14087,8,1,1,0,0
4,0,1,0.64,0.83,0.1045,4,14088,8,1,1,0,0
5,0,1,0.64,0.78,0.1045,39,14089,8,1,1,0,0
6,0,1,0.64,0.78,0.1045,172,14090,8,1,1,0,0
7,0,1,0.66,0.69,0.19399999999999998,492,14091,8,1,0,0,1
8,0,1,0.7,0.65,0.2836,682,14092,8,1,0,0,1
9,0,1,0.72,0.62,0.19399999999999998,367,14093,8,1,0,0,1
10,0,1,0.72,0.62,0.19399999999999998,233,14094,8,1,0,0,1
11,0,1,0.74,0.58,0.19399999999999998,235,14095,8,1,0,0,1
12,0,1,0.74,0.55,0.2239,307,14096,8,1,1,0,0
13,0,1,0.78,0.49,0.19399999999999998,294,14097,8,1,0,0,1
14,0,1,0.76,0.52,0.2985,255,14098,8,1,0,0,1
15,0,1,0.76,0.52,0.2537,266,14099,8,1,1,0,0
16,0,1,0.76,0.48,0.19399999999999998,431,14100,8,1,1,0,0
17,0,1,0.74,0.55,0.2836,851,14101,8,1,1,0,0
18,0,1,0.74,0.51,0.2239,848,14102,8,1,1,0,0
19,0,1,0.7,0.61,0.1343,649,14103,8,1,1,0,0
20,0,1,0.7,0.61,0.1343,427,14104,8,1,1,0,0
21,0,1,0.7,0.61,0.19399999999999998,315,14105,8,1,1,0,0
22,0,1,0.7,0.61,0.1642,226,14106,8,1,1,0,0
23,0,1,0.68,0.65,0.1045,138,14107,8,1,1,0,0
0,0,1,0.66,0.69,0.0,76,14108,8,1,1,0,0
1,0,1,0.64,0.73,0.0,21,14109,8,1,1,0,0
2,0,1,0.64,0.69,0.19399999999999998,15,14110,8,1,1,0,0
3,0,1,0.62,0.73,0.2537,4,14111,8,1,1,0,0
4,0,1,0.62,0.73,0.2239,5,14112,8,1,1,0,0
5,0,1,0.6,0.78,0.1642,37,14113,8,1,1,0,0
6,0,1,0.6,0.78,0.1642,165,14114,8,1,1,0,0
7,0,1,0.64,0.69,0.2239,464,14115,8,1,1,0,0
8,0,1,0.68,0.61,0.19399999999999998,682,14116,8,1,1,0,0
9,0,1,0.72,0.54,0.1045,337,14117,8,1,1,0,0
10,0,1,0.74,0.48,0.1343,199,14118,8,1,1,0,0
11,0,1,0.76,0.37,0.0896,274,14119,8,1,1,0,0
12,0,1,0.8,0.33,0.1045,343,14120,8,1,1,0,0
13,0,1,0.8,0.31,0.2239,300,14121,8,1,1,0,0
14,0,1,0.82,0.32,0.0,248,14122,8,1,1,0,0
15,0,1,0.8,0.33,0.2537,260,14123,8,1,1,0,0
16,0,1,0.82,0.32,0.2239,419,14124,8,1,1,0,0
17,0,1,0.82,0.34,0.19399999999999998,897,14125,8,1,1,0,0
18,0,1,0.8,0.36,0.0,832,14126,8,1,1,0,0
19,0,1,0.76,0.4,0.1045,677,14127,8,1,1,0,0
20,0,1,0.76,0.4,0.0896,514,14128,8,1,1,0,0
21,0,1,0.74,0.48,0.19399999999999998,356,14129,8,1,1,0,0
22,0,1,0.72,0.51,0.1642,254,14130,8,1,1,0,0
23,0,1,0.7,0.54,0.1045,226,14131,8,1,1,0,0
0,0,1,0.68,0.57,0.1642,88,14132,8,1,1,0,0
1,0,1,0.66,0.65,0.1045,54,14133,8,1,1,0,0
2,0,1,0.66,0.61,0.1343,19,14134,8,1,1,0,0
3,0,1,0.64,0.65,0.1045,6,14135,8,1,1,0,0
4,0,1,0.64,0.73,0.1642,9,14136,8,1,1,0,0
5,0,1,0.64,0.73,0.1045,36,14137,8,1,1,0,0
6,0,1,0.62,0.78,0.1343,157,14138,8,1,1,0,0
7,0,1,0.64,0.73,0.1045,379,14139,8,1,1,0,0
8,0,1,0.68,0.65,0.1343,668,14140,8,1,1,0,0
9,0,1,0.7,0.58,0.1045,378,14141,8,1,1,0,0
10,0,1,0.74,0.55,0.1642,231,14142,8,1,1,0,0
11,0,1,0.76,0.52,0.2836,303,14143,8,1,1,0,0
12,0,1,0.82,0.41,0.2239,365,14144,8,1,1,0,0
13,0,1,0.84,0.36,0.3881,357,14145,8,1,1,0,0
14,0,1,0.86,0.34,0.4179,328,14146,8,1,1,0,0
15,0,1,0.86,0.3,0.4627,383,14147,8,1,1,0,0
16,0,1,0.84,0.32,0.4478,488,14148,8,1,0,0,1
17,0,1,0.82,0.36,0.3284,791,14149,8,1,1,0,0
18,0,1,0.82,0.38,0.2537,669,14150,8,1,0,0,1
19,0,1,0.74,0.55,0.3881,491,14151,8,1,0,0,1
20,0,1,0.72,0.58,0.2239,359,14152,8,1,0,0,1
21,0,1,0.68,0.69,0.2985,255,14153,8,1,0,0,1
22,0,1,0.66,0.83,0.19399999999999998,213,14154,8,1,0,1,0
23,0,1,0.64,0.83,0.2239,121,14155,8,1,0,1,0
0,0,0,0.64,0.83,0.2239,105,14156,8,1,0,0,1
1,0,0,0.62,0.94,0.1642,92,14157,8,1,0,1,0
2,0,0,0.62,0.88,0.1642,43,14158,8,1,0,1,0
3,0,0,0.62,0.88,0.19399999999999998,30,14159,8,1,1,0,0
4,0,0,0.62,0.73,0.2239,13,14160,8,1,1,0,0
5,0,0,0.6,0.78,0.2537,9,14161,8,1,1,0,0
6,0,0,0.6,0.83,0.2239,27,14162,8,1,1,0,0
7,0,0,0.6,0.83,0.2239,64,14163,8,1,1,0,0
8,0,0,0.64,0.69,0.2537,189,14164,8,1,1,0,0
9,0,0,0.66,0.65,0.2836,292,14165,8,1,1,0,0
10,0,0,0.7,0.54,0.1642,480,14166,8,1,1,0,0
11,0,0,0.72,0.51,0.0,536,14167,8,1,1,0,0
12,0,0,0.76,0.37,0.19399999999999998,654,14168,8,1,1,0,0
13,0,0,0.74,0.4,0.19399999999999998,644,14169,8,1,1,0,0
14,0,0,0.76,0.37,0.2836,598,14170,8,1,1,0,0
15,0,0,0.76,0.37,0.2239,596,14171,8,1,1,0,0
16,0,0,0.76,0.37,0.2537,641,14172,8,1,1,0,0
17,0,0,0.76,0.37,0.2239,635,14173,8,1,1,0,0
18,0,0,0.74,0.37,0.1642,554,14174,8,1,1,0,0
19,0,0,0.7,0.45,0.1642,488,14175,8,1,1,0,0
20,0,0,0.7,0.45,0.1045,341,14176,8,1,1,0,0
21,0,0,0.66,0.61,0.0,338,14177,8,1,1,0,0
22,0,0,0.66,0.61,0.0,261,14178,8,1,1,0,0
23,0,0,0.64,0.65,0.0896,235,14179,8,1,1,0,0
0,0,0,0.66,0.57,0.0896,187,14180,8,1,1,0,0
1,0,0,0.64,0.65,0.0,131,14181,8,1,1,0,0
2,0,0,0.62,0.69,0.0896,119,14182,8,1,0,0,1
3,0,0,0.62,0.61,0.1642,55,14183,8,1,0,0,1
4,0,0,0.62,0.65,0.1642,26,14184,8,1,0,0,1
5,0,0,0.6,0.73,0.1343,11,14185,8,1,0,0,1
6,0,0,0.62,0.69,0.1045,20,14186,8,1,0,0,1
7,0,0,0.62,0.69,0.1343,41,14187,8,1,0,0,1
8,0,0,0.64,0.69,0.1045,124,14188,8,1,0,0,1
9,0,0,0.66,0.74,0.0,270,14189,8,1,0,0,1
10,0,0,0.68,0.69,0.0,425,14190,8,1,0,0,1
11,0,0,0.64,0.78,0.1642,272,14191,8,1,0,1,0
12,0,0,0.64,0.73,0.0,298,14192,8,1,0,1,0
13,0,0,0.64,0.83,0.1343,162,14193,8,1,0,1,0
14,0,0,0.64,0.73,0.0,149,14194,8,1,0,1,0
15,0,0,0.64,0.65,0.0,276,14195,8,1,0,0,1
16,0,0,0.66,0.65,0.0,356,14196,8,1,0,0,1
17,0,0,0.64,0.78,0.1045,343,14197,8,1,0,0,1
18,0,0,0.64,0.78,0.1045,377,14198,8,1,0,0,1
19,0,0,0.64,0.73,0.1343,341,14199,8,1,0,0,1
20,0,0,0.64,0.73,0.19399999999999998,274,14200,8,1,0,0,1
21,0,0,0.62,0.78,0.0896,190,14201,8,1,0,1,0
22,0,0,0.62,0.78,0.1642,56,14202,8,1,0,0,1
23,0,0,0.62,0.73,0.0,46,14203,8,1,0,0,1
0,0,1,0.6,0.83,0.1045,26,14204,8,1,0,0,1
1,0,1,0.6,0.83,0.1642,10,14205,8,1,1,0,0
2,0,1,0.6,0.83,0.1642,5,14206,8,1,1,0,0
3,0,1,0.6,0.88,0.1045,3,14207,8,1,1,0,0
4,0,1,0.6,0.83,0.0896,7,14208,8,1,0,0,1
5,0,1,0.6,0.83,0.0,37,14209,8,1,0,0,1
6,0,1,0.6,0.78,0.1343,161,14210,8,1,0,0,1
7,0,1,0.62,0.78,0.1343,442,14211,8,1,0,0,1
8,0,1,0.62,0.73,0.1045,655,14212,8,1,0,0,1
9,0,1,0.64,0.69,0.0,357,14213,8,1,0,0,1
10,0,1,0.64,0.69,0.0896,193,14214,8,1,0,0,1
11,0,1,0.66,0.65,0.1045,241,14215,8,1,1,0,0
12,0,1,0.66,0.61,0.1045,282,14216,8,1,0,0,1
13,0,1,0.7,0.58,0.1343,291,14217,8,1,1,0,0
14,0,1,0.72,0.54,0.1642,275,14218,8,1,1,0,0
15,0,1,0.72,0.54,0.2537,309,14219,8,1,1,0,0
16,0,1,0.72,0.54,0.2537,460,14220,8,1,1,0,0
17,0,1,0.7,0.58,0.2836,893,14221,8,1,1,0,0
18,0,1,0.62,0.78,0.2537,815,14222,8,1,0,0,1
19,0,1,0.62,0.78,0.19399999999999998,299,14223,8,1,0,0,1
20,0,1,0.62,0.83,0.2836,261,14224,8,1,0,0,1
21,0,1,0.6,0.83,0.0,245,14225,8,1,1,0,0
22,0,1,0.6,0.83,0.0,161,14226,8,1,0,0,1
23,0,1,0.6,0.83,0.0,102,14227,8,1,0,0,1
0,0,1,0.6,0.83,0.0896,59,14228,8,1,0,0,1
1,0,1,0.6,0.83,0.1343,33,14229,8,1,0,0,1
2,0,1,0.58,0.88,0.2836,8,14230,8,1,0,0,1
3,0,1,0.56,0.88,0.0,3,14231,8,1,1,0,0
4,0,1,0.56,0.88,0.0,4,14232,8,1,1,0,0
5,0,1,0.56,0.83,0.0896,34,14233,8,1,1,0,0
6,0,1,0.56,0.83,0.1045,169,14234,8,1,1,0,0
7,0,1,0.6,0.78,0.1045,519,14235,8,1,1,0,0
8,0,1,0.6,0.78,0.1343,723,14236,8,1,1,0,0
9,0,1,0.64,0.69,0.0,328,14237,8,1,1,0,0
10,0,1,0.66,0.61,0.1045,178,14238,8,1,1,0,0
11,0,1,0.7,0.54,0.0,256,14239,8,1,1,0,0
12,0,1,0.72,0.45,0.0,305,14240,8,1,1,0,0
13,0,1,0.74,0.4,0.0,331,14241,8,1,1,0,0
14,0,1,0.76,0.37,0.0896,302,14242,8,1,1,0,0
15,0,1,0.76,0.37,0.0,302,14243,8,1,1,0,0
16,0,1,0.76,0.37,0.0,467,14244,8,1,1,0,0
17,0,1,0.74,0.51,0.2836,878,14245,8,1,1,0,0
18,0,1,0.72,0.54,0.2239,625,14246,8,1,1,0,0
19,0,1,0.62,0.73,0.1045,476,14247,8,1,0,1,0
20,0,1,0.64,0.73,0.0,358,14248,8,1,1,0,0
21,0,1,0.64,0.73,0.0,280,14249,8,1,1,0,0
22,0,1,0.64,0.78,0.0,232,14250,8,1,1,0,0
23,0,1,0.62,0.83,0.0,136,14251,8,1,1,0,0
0,0,1,0.62,0.83,0.1045,55,14252,8,1,1,0,0
1,0,1,0.62,0.78,0.0,21,14253,8,1,1,0,0
2,0,1,0.62,0.78,0.0,17,14254,8,1,1,0,0
3,0,1,0.62,0.78,0.0,7,14255,8,1,1,0,0
4,0,1,0.58,0.83,0.1045,8,14256,8,1,1,0,0
5,0,1,0.6,0.78,0.0,40,14257,8,1,1,0,0
6,0,1,0.62,0.73,0.0,187,14258,8,1,1,0,0
7,0,1,0.62,0.78,0.0,553,14259,8,1,1,0,0
8,0,1,0.64,0.73,0.0896,740,14260,8,1,1,0,0
9,0,1,0.68,0.65,0.0,376,14261,8,1,1,0,0
10,0,1,0.7,0.61,0.0896,225,14262,8,1,1,0,0
11,0,1,0.72,0.58,0.0896,267,14263,8,1,1,0,0
12,0,1,0.74,0.51,0.0,312,14264,8,1,1,0,0
13,0,1,0.76,0.48,0.1045,316,14265,8,1,1,0,0
14,0,1,0.76,0.45,0.1045,266,14266,8,1,1,0,0
15,0,1,0.76,0.48,0.1343,316,14267,8,1,1,0,0
16,0,1,0.74,0.55,0.2239,460,14268,8,1,0,1,0
17,0,1,0.74,0.55,0.2239,783,14269,8,1,0,1,0
18,0,1,0.66,0.61,0.2239,683,14270,8,1,0,1,0
19,0,1,0.66,0.74,0.0,580,14271,8,1,0,0,1
20,0,1,0.64,0.73,0.19399999999999998,391,14272,8,1,1,0,0
21,0,1,0.64,0.73,0.0,351,14273,8,1,1,0,0
22,0,1,0.64,0.73,0.0,281,14274,8,1,1,0,0
23,0,1,0.64,0.83,0.0,140,14275,8,1,1,0,0
0,0,1,0.64,0.78,0.0,60,14276,8,1,1,0,0
1,0,1,0.62,0.83,0.0,25,14277,8,1,1,0,0
2,0,1,0.62,0.83,0.0,20,14278,8,1,1,0,0
3,0,1,0.62,0.83,0.0896,9,14279,8,1,1,0,0
4,0,1,0.62,0.83,0.0,6,14280,8,1,1,0,0
5,0,1,0.62,0.83,0.0,37,14281,8,1,1,0,0
6,0,1,0.6,0.88,0.0896,192,14282,8,1,0,0,1
7,0,1,0.62,0.83,0.0896,481,14283,8,1,0,0,1
8,0,1,0.66,0.74,0.0896,707,14284,8,1,0,0,1
9,0,1,0.7,0.7,0.0,412,14285,8,1,0,0,1
10,0,1,0.74,0.58,0.0896,233,14286,8,1,1,0,0
11,0,1,0.76,0.48,0.0896,278,14287,8,1,1,0,0
12,0,1,0.78,0.38,0.0,332,14288,8,1,1,0,0
13,0,1,0.82,0.38,0.0896,346,14289,8,1,1,0,0
14,0,1,0.78,0.46,0.2239,305,14290,8,1,1,0,0
15,0,1,0.78,0.46,0.1343,305,14291,8,1,1,0,0
16,0,1,0.76,0.48,0.1642,465,14292,8,1,1,0,0
17,0,1,0.76,0.45,0.2239,820,14293,8,1,1,0,0
18,0,1,0.74,0.48,0.2239,941,14294,8,1,1,0,0
19,0,1,0.72,0.51,0.0896,633,14295,8,1,1,0,0
20,0,1,0.7,0.61,0.1045,474,14296,8,1,1,0,0
21,0,1,0.7,0.61,0.1343,329,14297,8,1,1,0,0
22,0,1,0.68,0.61,0.1045,198,14298,8,1,0,0,1
23,0,1,0.66,0.69,0.0,157,14299,8,1,0,0,1
0,0,1,0.66,0.69,0.0,111,14300,8,1,0,0,1
1,0,1,0.64,0.73,0.0,42,14301,8,1,0,0,1
2,0,1,0.66,0.69,0.0,16,14302,8,1,1,0,0
3,0,1,0.64,0.73,0.0,8,14303,8,1,1,0,0
4,0,1,0.64,0.73,0.0,8,14304,8,1,0,0,1
5,0,1,0.64,0.78,0.0,38,14305,8,1,1,0,0
6,0,1,0.62,0.83,0.0,151,14306,8,1,0,0,1
7,0,1,0.64,0.78,0.0,425,14307,8,1,0,0,1
8,0,1,0.66,0.74,0.0,744,14308,8,1,0,0,1
9,0,1,0.72,0.58,0.0,389,14309,8,1,0,0,1
10,0,1,0.76,0.48,0.0,262,14310,8,1,0,0,1
11,0,1,0.76,0.48,0.1045,281,14311,8,1,0,0,1
12,0,1,0.76,0.45,0.0896,371,14312,8,1,0,0,1
13,0,1,0.8,0.41,0.1045,351,14313,8,1,0,0,1
14,0,1,0.78,0.43,0.1045,338,14314,8,1,1,0,0
15,0,1,0.76,0.48,0.1343,350,14315,8,1,0,0,1
16,0,1,0.76,0.48,0.1343,515,14316,8,1,0,0,1
17,0,1,0.74,0.51,0.2239,812,14317,8,1,0,0,1
18,0,1,0.72,0.62,0.19399999999999998,736,14318,8,1,0,0,1
19,0,1,0.72,0.58,0.1642,536,14319,8,1,0,0,1
20,0,1,0.7,0.65,0.2239,363,14320,8,1,0,0,1
21,0,1,0.7,0.61,0.1642,306,14321,8,1,0,0,1
22,0,1,0.7,0.61,0.0,251,14322,8,1,0,0,1
23,0,1,0.68,0.69,0.0896,178,14323,8,1,0,0,1
0,0,0,0.7,0.61,0.0,135,14324,8,1,0,0,1
1,0,0,0.68,0.69,0.0,115,14325,8,1,0,0,1
2,0,0,0.66,0.74,0.0896,79,14326,8,1,0,0,1
3,0,0,0.66,0.69,0.0896,38,14327,8,1,1,0,0
4,0,0,0.66,0.69,0.1045,12,14328,8,1,0,0,1
5,0,0,0.64,0.73,0.1642,14,14329,8,1,0,0,1
6,0,0,0.64,0.78,0.1642,30,14330,8,1,0,0,1
7,0,0,0.64,0.78,0.19399999999999998,102,14331,8,1,0,0,1
8,0,0,0.66,0.74,0.2537,162,14332,8,1,0,0,1
9,0,0,0.68,0.69,0.2836,288,14333,8,1,0,0,1
10,0,0,0.7,0.65,0.2985,442,14334,8,1,0,0,1
11,0,0,0.72,0.62,0.2836,457,14335,8,1,0,0,1
12,0,0,0.72,0.54,0.3881,584,14336,8,1,0,1,0
13,0,0,0.72,0.51,0.3582,517,14337,8,1,0,0,1
14,0,0,0.66,0.65,0.2537,482,14338,8,1,0,1,0
15,0,0,0.64,0.73,0.3284,233,14339,8,1,0,0,1
16,0,0,0.66,0.74,0.2985,434,14340,8,1,0,0,1
17,0,0,0.66,0.74,0.3284,403,14341,8,1,0,0,1
18,0,0,0.66,0.69,0.4627,383,14342,8,1,0,0,1
19,0,0,0.64,0.78,0.2985,354,14343,8,1,0,0,1
20,0,0,0.62,0.83,0.2537,241,14344,8,1,0,1,0
21,0,0,0.62,0.83,0.3582,208,14345,8,1,1,0,0
22,0,0,0.62,0.83,0.3582,182,14346,8,1,1,0,0
23,0,0,0.62,0.83,0.2537,158,14347,8,1,0,0,1
0,0,0,0.64,0.89,0.2537,134,14348,8,1,1,0,0
1,0,0,0.64,0.89,0.19399999999999998,134,14349,8,1,1,0,0
2,0,0,0.64,0.89,0.2239,116,14350,8,1,0,0,1
3,0,0,0.64,0.89,0.2537,53,14351,8,1,0,0,1
4,0,0,0.64,0.89,0.19399999999999998,16,14352,8,1,0,0,1
5,0,0,0.64,0.89,0.19399999999999998,16,14353,8,1,1,0,0
6,0,0,0.62,0.88,0.2985,21,14354,8,1,1,0,0
7,0,0,0.64,0.89,0.19399999999999998,34,14355,8,1,1,0,0
8,0,0,0.68,0.79,0.2836,133,14356,8,1,1,0,0
9,0,0,0.68,0.79,0.2537,263,14357,8,1,1,0,0
10,0,0,0.74,0.66,0.3881,385,14358,8,1,1,0,0
11,0,0,0.74,0.66,0.3582,482,14359,8,1,1,0,0
12,0,0,0.72,0.74,0.3582,626,14360,8,1,0,1,0
13,0,0,0.66,0.78,0.4179,541,14361,8,1,0,1,0
14,0,0,0.64,0.89,0.1045,377,14362,8,1,1,0,0
15,0,0,0.64,0.89,0.2836,391,14363,8,1,0,1,0
16,0,0,0.64,0.89,0.2836,173,14364,8,1,0,1,0
17,0,0,0.64,0.89,0.2239,233,14365,8,1,1,0,0
18,0,0,0.64,0.89,0.0896,264,14366,8,1,0,0,1
19,0,0,0.64,0.89,0.1642,292,14367,8,1,0,0,1
20,0,0,0.64,0.89,0.1642,211,14368,8,1,1,0,0
21,0,0,0.64,0.83,0.1343,166,14369,8,1,1,0,0
22,0,0,0.62,0.88,0.0896,114,14370,8,1,1,0,0
23,0,0,0.62,0.83,0.0896,80,14371,8,1,1,0,0
0,0,1,0.62,0.83,0.0,32,14372,8,1,1,0,0
1,0,1,0.62,0.88,0.0896,7,14373,8,1,1,0,0
2,0,1,0.62,0.88,0.1343,8,14374,8,1,1,0,0
3,0,1,0.62,0.88,0.0896,4,14375,8,1,1,0,0
4,0,1,0.62,0.83,0.0,12,14376,8,1,1,0,0
5,0,1,0.62,0.88,0.0,36,14377,8,1,1,0,0
6,0,1,0.62,0.88,0.0,145,14378,8,1,1,0,0
7,0,1,0.66,0.83,0.0,433,14379,8,1,1,0,0
8,0,1,0.66,0.83,0.0896,699,14380,8,1,1,0,0
9,0,1,0.66,0.83,0.1045,342,14381,8,1,1,0,0
10,0,1,0.72,0.74,0.1343,206,14382,8,1,1,0,0
11,0,1,0.74,0.66,0.19399999999999998,229,14383,8,1,1,0,0
12,0,1,0.76,0.62,0.0,283,14384,8,1,1,0,0
13,0,1,0.76,0.57,0.1642,288,14385,8,1,1,0,0
14,0,1,0.8,0.49,0.0896,246,14386,8,1,1,0,0
15,0,1,0.8,0.55,0.2985,282,14387,8,1,1,0,0
16,0,1,0.8,0.55,0.2537,444,14388,8,1,1,0,0
17,0,1,0.8,0.46,0.2239,845,14389,8,1,1,0,0
18,0,1,0.78,0.52,0.2537,834,14390,8,1,1,0,0
19,0,1,0.74,0.7,0.2239,573,14391,8,1,1,0,0
20,0,1,0.74,0.7,0.19399999999999998,416,14392,8,1,1,0,0
21,0,1,0.72,0.74,0.19399999999999998,278,14393,8,1,1,0,0
22,0,1,0.7,0.84,0.19399999999999998,161,14394,8,1,1,0,0
23,0,1,0.7,0.84,0.1642,114,14395,8,1,1,0,0
0,0,1,0.7,0.84,0.2537,38,14396,8,1,1,0,0
1,0,1,0.68,0.89,0.19399999999999998,21,14397,8,1,1,0,0
2,0,1,0.68,0.83,0.2537,15,14398,8,1,1,0,0
3,0,1,0.66,0.89,0.1343,4,14399,8,1,1,0,0
4,0,1,0.66,0.83,0.1343,8,14400,8,1,1,0,0
5,0,1,0.66,0.83,0.0896,42,14401,8,1,0,0,1
6,0,1,0.66,0.89,0.1045,147,14402,8,1,0,0,1
7,0,1,0.66,0.83,0.1045,269,14403,8,1,0,0,1
8,0,1,0.66,0.85,0.1045,693,14404,8,1,0,0,1
9,0,1,0.7,0.79,0.1642,395,14405,8,1,0,0,1
10,0,1,0.74,0.62,0.2537,204,14406,8,1,1,0,0
11,0,1,0.78,0.55,0.2537,218,14407,8,1,1,0,0
12,0,1,0.8,0.49,0.2836,297,14408,8,1,1,0,0
13,0,1,0.82,0.43,0.2985,288,14409,8,1,1,0,0
14,0,1,0.84,0.38,0.3284,251,14410,8,1,1,0,0
15,0,1,0.82,0.34,0.2985,317,14411,8,1,1,0,0
16,0,1,0.82,0.33,0.3284,480,14412,8,1,1,0,0
17,0,1,0.8,0.35,0.3881,864,14413,8,1,1,0,0
18,0,1,0.78,0.4,0.2537,818,14414,8,1,1,0,0
19,0,1,0.74,0.45,0.1642,597,14415,8,1,1,0,0
20,0,1,0.72,0.48,0.1045,435,14416,8,1,1,0,0
21,0,1,0.72,0.48,0.0896,314,14417,8,1,1,0,0
22,0,1,0.7,0.54,0.0,216,14418,8,1,1,0,0
23,0,1,0.68,0.57,0.0,109,14419,8,1,1,0,0
0,0,1,0.66,0.69,0.0,47,14420,8,1,1,0,0
1,0,1,0.64,0.69,0.1343,14,14421,8,1,1,0,0
2,0,1,0.62,0.73,0.1343,6,14422,8,1,1,0,0
3,0,1,0.62,0.73,0.1045,9,14423,8,1,1,0,0
4,0,1,0.6,0.73,0.2239,10,14424,8,1,1,0,0
5,0,1,0.6,0.73,0.19399999999999998,40,14425,8,1,1,0,0
6,0,1,0.6,0.73,0.19399999999999998,181,14426,8,1,1,0,0
7,0,1,0.64,0.65,0.0896,554,14427,8,1,1,0,0
8,0,1,0.66,0.61,0.1642,808,14428,8,1,1,0,0
9,0,1,0.7,0.51,0.19399999999999998,348,14429,8,1,1,0,0
10,0,1,0.72,0.48,0.1642,178,14430,8,1,1,0,0
11,0,1,0.72,0.45,0.0,253,14431,8,1,1,0,0
12,0,1,0.76,0.4,0.0,360,14432,8,1,1,0,0
13,0,1,0.74,0.42,0.0,300,14433,8,1,1,0,0
14,0,1,0.76,0.4,0.0896,301,14434,8,1,1,0,0
15,0,1,0.76,0.4,0.19399999999999998,338,14435,8,1,1,0,0
16,0,1,0.76,0.37,0.1343,493,14436,8,1,1,0,0
17,0,1,0.78,0.35,0.2239,870,14437,8,1,1,0,0
18,0,1,0.74,0.42,0.1642,812,14438,8,1,1,0,0
19,0,1,0.7,0.54,0.19399999999999998,643,14439,8,1,1,0,0
20,0,1,0.68,0.57,0.0,427,14440,8,1,1,0,0
21,0,1,0.66,0.54,0.1045,313,14441,8,1,1,0,0
22,0,1,0.66,0.54,0.0,235,14442,8,1,1,0,0
23,0,1,0.66,0.57,0.0,157,14443,8,1,1,0,0
0,0,1,0.64,0.69,0.0,65,14444,8,1,1,0,0
1,0,1,0.64,0.65,0.0,23,14445,8,1,1,0,0
2,0,1,0.62,0.73,0.0,17,14446,8,1,1,0,0
3,0,1,0.62,0.73,0.0,5,14447,8,1,1,0,0
4,0,1,0.62,0.73,0.0,8,14448,8,1,1,0,0
5,0,1,0.62,0.73,0.0,35,14449,8,1,1,0,0
6,0,1,0.6,0.83,0.1642,163,14450,8,1,1,0,0
7,0,1,0.64,0.73,0.0,532,14451,8,1,1,0,0
8,0,1,0.66,0.65,0.0,754,14452,8,1,1,0,0
9,0,1,0.7,0.58,0.0,396,14453,8,1,1,0,0
10,0,1,0.72,0.54,0.0,234,14454,8,1,1,0,0
11,0,1,0.76,0.4,0.0896,276,14455,8,1,1,0,0
12,0,1,0.76,0.45,0.1343,294,14456,8,1,1,0,0
13,0,1,0.76,0.48,0.1045,290,14457,8,1,1,0,0
14,0,1,0.76,0.48,0.1343,273,14458,8,1,1,0,0
15,0,1,0.8,0.46,0.1642,338,14459,8,1,1,0,0
16,0,1,0.8,0.43,0.1642,482,14460,8,1,1,0,0
17,0,1,0.82,0.34,0.2239,844,14461,8,1,1,0,0
18,0,1,0.8,0.38,0.1343,853,14462,8,1,1,0,0
19,0,1,0.76,0.48,0.1343,610,14463,8,1,1,0,0
20,0,1,0.74,0.58,0.1642,471,14464,8,1,1,0,0
21,0,1,0.72,0.66,0.1343,307,14465,8,1,1,0,0
22,0,1,0.7,0.7,0.0,291,14466,8,1,1,0,0
23,0,1,0.7,0.74,0.1045,152,14467,8,1,1,0,0
0,0,1,0.68,0.83,0.1642,82,14468,8,1,1,0,0
1,0,1,0.68,0.83,0.1642,32,14469,8,1,1,0,0
2,0,1,0.66,0.89,0.1343,20,14470,8,1,1,0,0
3,0,1,0.66,0.89,0.1045,5,14471,8,1,1,0,0
4,0,1,0.64,0.89,0.1343,7,14472,8,1,1,0,0
5,0,1,0.64,0.89,0.1642,29,14473,8,1,1,0,0
6,0,1,0.64,0.89,0.1642,108,14474,8,1,0,0,1
7,0,1,0.64,0.89,0.0896,421,14475,8,1,0,0,1
8,0,1,0.7,0.74,0.0,690,14476,8,1,0,0,1
9,0,1,0.74,0.7,0.0,398,14477,8,1,1,0,0
10,0,1,0.76,0.62,0.0896,256,14478,8,1,1,0,0
11,0,1,0.86,0.28,0.2985,309,14479,8,1,1,0,0
12,0,1,0.86,0.26,0.2537,410,14480,8,1,1,0,0
13,0,1,0.88,0.27,0.3284,368,14481,8,1,1,0,0
14,0,1,0.9,0.25,0.2239,436,14482,8,1,1,0,0
15,0,1,0.9,0.27,0.2985,526,14483,8,1,1,0,0
16,0,1,0.9,0.27,0.2537,528,14484,8,1,1,0,0
17,0,1,0.88,0.32,0.1642,617,14485,8,1,1,0,0
18,0,1,0.86,0.36,0.2537,546,14486,8,1,1,0,0
19,0,1,0.8,0.49,0.1343,452,14487,8,1,1,0,0
20,0,1,0.8,0.49,0.1343,356,14488,8,1,1,0,0
21,0,1,0.76,0.58,0.19399999999999998,303,14489,8,1,1,0,0
22,0,1,0.76,0.58,0.19399999999999998,277,14490,8,1,1,0,0
23,0,1,0.74,0.62,0.1045,174,14491,8,1,1,0,0
